"ID","Label","Start","Stop","Class","Type","Origin","Gender","Athenian with Roman Citizenship","Family","Extended","Deme"
2312,"T. Fl. Euthykomas","166","350.0","Person","","Athenian","Male","TRUE","","","Paiania"
2005,"Eurydike","-87.5","350.0","Person","","Athenian","Female","FALSE","","","Halai Aixonides"
2402,"P. Pom. Hegios II","187.5","350.0","Person","","Athenian","Male","TRUE","","","Phaleron"
2483,"Hermione II","217","350.0","Person","","Athenian","Female","FALSE","","","Pithos"
2052,"Augustus","-26","350.0","Person","","Other/Uncertain","Male","FALSE","","",""
2375,"P. Herennios Apolloniou","191","350.0","Person","","Athenian","Male","TRUE","","","Semakhidai"
2182,"Thrasyllos Ammoniou","87.5","350.0","Person","","Athenian","Male","FALSE","","","Kholleidai"
2060,"Menophilos Satyrou","-25","350.0","Person","","Athenian","Male","FALSE","","","Berenikidai"
2095,"Kephisodoros","-25","350.0","Person","","Athenian","Male","FALSE","Hagnous/Akharnid Daduchs","Hagnous/Akharnid Daduchs","Hagnous"
2370,"Eisidoros Eisidorou","191","350.0","Person","","Athenian","Male","FALSE","","","Semakhidai"
2264,"Emperor Marcus Aurelius","153","350.0","Person","","Other/Uncertain","Male","FALSE","","",""
2092,"Themistokles I Theophrastou","-25","350.0","Person","","Athenian","Male","FALSE","Hagnous/Akharnid Daduchs","Hagnous/Akharnid Daduchs","Hagnous"
2059,"Metrophanes Dionysiou","-25","350.0","Person","","Athenian","Male","FALSE","","","Athmonon"
2047,"L. Gellius Publicola","-39.5","350.0","Person","","Roman","Male","FALSE","","",""
2300,"Emperor L. Verus","162","350.0","Person","","Other/Uncertain","Male","FALSE","","",""
2086,"Iophon Dionysodoros Deiradiotes","-25","350.0","Person","","Athenian","Male","FALSE","","","Deiradiotai"
2372,"Euripides Preimou","191","350.0","Person","","Athenian","Male","FALSE","","","Semakhidai"
2477,"Kl. Menandra II","210","350.0","Person","","Athenian","Female","TRUE","Praxagorid","Claudii of Melite","Melite"
2102,"Semon","-25","350.0","Person","","Athenian","Male","FALSE","Hagnous/Akharnid Daduchs","Hagnous/Akharnid Daduchs",""
2172,"P. Fulvius Metrodoros","85","350.0","Person","","Athenian","Male","TRUE","","","Sounion"
2121,"Atheno Niketou","0","350.0","Person","","Athenian","Male","FALSE","","","Hagnous"
2348,"Io. Hierophantes","191","350.0","Person","","Athenian","Male","TRUE","","",""
2374,"Onesimos Eiphikratous","191","350.0","Person","","Athenian","Male","FALSE","","","Semakhidai"
2286,"Sergius Salvidius Scipio Orfitus","155","350.0","Person","","Roman","Male","FALSE","","",""
2108,"[.]kleides","-50.5","350.0","Person","","Athenian","Male","FALSE","","",""
2432,"Son or Daughter of a [N]um[ius]","150.5","350.0","Person","","Athenian","Uncertain","TRUE","","",""
2434,"T. Fl. Ateimetos Peiraieus","250.5","350.0","Person","","Athenian","Male","TRUE","","","Peiraius"
2363,"Khaireas Diogenous","191","350.0","Person","","Athenian","Male","FALSE","","","Pallene"
2198,"[?] Kanephoros","100.5","350.0","Person","","Athenian","Male","FALSE","","",""
2431,"Poll[io]n[a?], Hearth-Initiate","150.5","350.0","Person","","Athenian","Female","TRUE","","",""
2298,"Fl. Xenion","165","350.0","Person","","Athenian","Male","TRUE","","","Marathon"
2229,"Cocceius Censorinus","115","350.0","Person","","Roman","Male","FALSE","","",""
2369,"Timokrates Kaprodorou","191","350.0","Person","","Athenian","Male","FALSE","","","Pallene"
2002,"Theophilos","-87.5","350.0","Person","","Athenian","Male","FALSE","","","Halai Aixonides"
2396,"Ail. Alexandros","187.5","350.0","Person","","Athenian","Male","TRUE","","","Phaleron"
2165,"Ti. Kl. Hipparkhos Herodou","65","350.0","Person","","Athenian","Male","TRUE","Herodian","Herodian-Eukleid","Marathon"
2490,"Eutykhos","220","350.0","Person","","Athenian","Male","FALSE","","",""
2437,"Oapiou Onesimou","250.5","350.0","Person","","Athenian","Male","FALSE","","","Besa"
2399,"Ail. Alexandros II","187.5","350.0","Person","","Athenian","Male","TRUE","","","Phaleron"
2163,"[?] Emperor","99","350.0","Person","","Other/Uncertain","Male","FALSE","","",""
2489,"Arabianus","220","350.0","Person","","Athenian","Male","TRUE","","",""
2535,"[?] Ptolemaios","250","350.0","Person","","Athenian","Male","FALSE","","",""
2455,"Konon","200","350.0","Person","","Athenian","Male","FALSE","","",""
2305,"T. Fl. Alkibiades (I)","167","350.0","Person","","Athenian","Male","TRUE","","","Paiania"
2533,"Emperor Maximianus","295.5","350.0","Person","","Other/Uncertain","Male","FALSE","","",""
2302,"T. Kl. Hierophant Alkibiadou","167","350.0","Person","","Athenian","Male","TRUE","","","Paiania"
2066,"Gorgippos Eudemos","-25","350.0","Person","","Athenian","Male","FALSE","","","Melite"
2206,"Kallisto Kallimakhou","100.5","350.0","Person","","Athenian","Female","FALSE","","",""
2491,"Dryantianos","220","350.0","Person","","Athenian","Male","FALSE","","",""
2097,"Philoxenis","-25","350.0","Person","","Athenian","Male","FALSE","Hagnous/Akharnid Daduchs","Hagnous/Akharnid Daduchs","Hagnous"
2361,"Kl. Nikephoros","191","350.0","Person","","Athenian","Male","TRUE","","","Pallene"
2258,"Nummia Bassa","145","350.0","Person","","Athenian","Female","TRUE","","","Gargettos"
2394,"Ail. Gelo","187.5","350.0","Person","","Athenian","Male","TRUE","","","Phaleron"
2310,"M. Aur. Miltiades","165","350.0","Person","","Athenian","Male","TRUE","","","Marathon"
2153,"[?] Brother of Ti. Kl. Eukles Sostratou","54.5","350.0","Person","","Athenian","Male","TRUE","","",""
2470,"Praxagora [?]","313","350.0","Person","","Athenian","Female","FALSE","Praxagorid","Claudii of Melite","Melite"
2046,"Sempronia","-39.5","350.0","Person","","Roman","Female","FALSE","","",""
2056,"Apolexis I","-25","350.0","Person","","Athenian","Male","FALSE","","","Oion"
2122,"Pammenes Pammenous","13","350.0","Person","","Athenian","Male","FALSE","","","Marathon"
2452,"P. Ail. Herennia P. Ail. Apolloniou","200","350.0","Person","","Athenian","Female","TRUE","Publii Aelii Dionysii","Publii Aelii Dionysii",""
2064,"Dionysios Demostratos","-25","350.0","Person","","Athenian","Male","FALSE","","","Pallene"
2129,"Emperor Tiberius","-6.5","350.0","Person","","Other/Uncertain","Male","FALSE","","",""
2208,"Kallimakhos","100.5","350.0","Person","","Athenian","Male","FALSE","","",""
2147,"Seilon Apolloniou","50","350.0","Person","","Athenian","Male","FALSE","","","Melite"
2328,"Ail. Kephisodora","170","350.0","Person","","Athenian","Female","TRUE","Leonid","Claudii of Melite",""
2195,"[?] Son fo Tryphon Phylasios","50.5","350.0","Person","","Athenian","Male","FALSE","","","Phlya"
1005,"Sophiai","","350.0","Institution","Private","Other/Uncertain","","","","",""
2067,"Dositheos Kleomenes","-25","350.0","Person","","Athenian","Male","FALSE","","","Marathon"
2256,"Annius Thrasyllos","145","350.0","Person","","Athenian","Male","TRUE","","","Kholleidai"
2354,"Lo[.]","191","350.0","Person","","Athenian","Male","FALSE","","","Pallene"
2338,"Emperor Commodous","178.5","350.0","Person","","Other/Uncertain","Male","FALSE","","",""
2463,"M. Aur. Prosdektos Pistokrates","200","350.0","Person","","Athenian","Male","TRUE","","","Kephale"
2238,"Polemon Heroxenou","137.5","350.0","Person","","Athenian","Male","FALSE","","","Marathon"
2380,"Khryseros Khryserou","191","350.0","Person","","Athenian","Male","FALSE","","","Semakhidai"
2442,"Andreas","250.5","350.0","Person","","Athenian","Male","FALSE","","",""
2362,"Megalinos Aphrodisiou","191","350.0","Person","","Athenian","Male","FALSE","","","Pallene"
2456,"Kallimakhos","200","350.0","Person","","Athenian","Male","FALSE","","",""
2240,"Thrasyllos Kholleides","135","350.0","Person","","Athenian","Male","FALSE","","","Kholleidai"
2065,"Theophilos Menekrates","-25","350.0","Person","","Athenian","Male","FALSE","","","Kholleidai"
2517,"Aerarius Sospatros, Daduch","275","350.0","Person","","Athenian","Male","TRUE","","",""
2201,"[?] Daughter of [.]dous","100.5","350.0","Person","","Athenian","Female","FALSE","","",""
2254,"Iun. Patron","145","350.0","Person","","Athenian","Male","TRUE","","","Berenikidai"
2480,"Iul. Hierokeryx","217.5","350.0","Person","","Athenian","Male","TRUE","","",""
2243,"[?] Emperor","136.5","350.0","Person","","Other/Uncertain","Male","FALSE","","",""
2138,"Polykharmos Eukleous","33.5","350.0","Person","","Athenian","Male","FALSE","Eukleid","Herodian-Eukleid","Marathon"
2259,"L. Nummius Hierokeryx","145","350.0","Person","","Athenian","Male","TRUE","","","Gargettos"
2026,"Kleokrateia Oinophilou","-60","350.0","Person","","Athenian","Female","FALSE","","","Aphidnai"
2219,"[?] Woman","150.5","350.0","Person","","Athenian","Female","FALSE","","",""
2091,"Themistokles II Theophrastou","-25","350.0","Person","","Athenian","Male","FALSE","Hagnous/Akharnid Daduchs","Hagnous/Akharnid Daduchs","Hagnous"
2178,"Kl. [?] Mother of Seilianos","97.5","350.0","Person","","Athenian","Female","TRUE","","",""
2503,"Casianus Hierokeryx","236","350.0","Person","","Athenian","Male","TRUE","Casiani of Steiria","Casiani of Steiria","Steiria"
2168,"Fl. Sophia","75","350.0","Person","","Athenian","Female","TRUE","","","Sounion"
2156,"Ti. Kl. Demostratos","55","350.0","Person","","Athenian","Male","TRUE","","","Sounion"
2301,"Ail. Kh[?]","165","350.0","Person","","Athenian","Uncertain","TRUE","","",""
2171,"P. Fulvius Maximos Sounieus","85","350.0","Person","","Athenian","Male","TRUE","","","Sounion"
2157,"Ti. Kl. Neikotelous","55","350.0","Person","","Athenian","Male","TRUE","","","Sounion"
2368,"Iou. Kaikilianos","191","350.0","Person","","Athenian","Male","TRUE","","","Pallene"
2148,"Apollonios Seilonos","50","350.0","Person","","Athenian","Male","FALSE","","","Melite"
2390,"Kl. Menandra","187.5","350.0","Person","","Athenian","Female","TRUE","Praxagorid","Claudii of Melite","Melite"
2085,"Dionysodoros Deiradiotou","-25","350.0","Person","","Athenian","Male","FALSE","","","Deiradiotai"
2285,"Ti. Kl. Leonides","165","350.0","Person","","Athenian","Male","TRUE","","","Melite"
2234,"Athenaios Perikonikos","119.5","350.0","Person","","Athenian","Male","FALSE","","","Phlya"
2174,"T. Kl. Lysiades Patronos","97.5","350.0","Person","","Athenian","Male","TRUE","","","Melite"
2308,"Domitia Laodameia","167","350.0","Person","","Athenian","Female","TRUE","","",""
2088,"Euphron Euphrontos","-25","350.0","Person","","Athenian","Male","FALSE","","","Marathon"
2349,"Aiolion Phlyeos","191","350.0","Person","","Athenian","Male","TRUE","","","Phlya"
2176,"G. Kl. Seilianos Polykritos","97.5","350.0","Person","","Athenian","Male","TRUE","","",""
2441,"Ariston","250.5","350.0","Person","","Athenian","Male","FALSE","","",""
2177,"Kl. [?] Father of Seilianos","97.5","350.0","Person","","Athenian","Male","TRUE","","",""
2405,"Daughter of T. Fl. Leosthenes II","187.5","350.0","Person","","Athenian","Female","TRUE","","","Paiania"
2032,"[?] Daduch from Hagnous","-40","350.0","Person","","Athenian","Male","FALSE","Hagnous/Akharnid Daduchs","Hagnous/Akharnid Daduchs","Hagnous"
2386,"Emperor Septimius Severus","196.5","350.0","Person","","Other/Uncertain","Male","FALSE","","",""
2469,"Xenagoras I","313","350.0","Person","","Athenian","Male","FALSE","Praxagorid","Claudii of Melite","Melite"
2440,"Thoinos","250.5","350.0","Person","","Athenian","Male","FALSE","","",""
2332,"M. Iul. Praxis","173.5","350.0","Person","","Athenian","Male","TRUE","","","Pallene"
2519,"Thisbianos","275","350.0","Person","","Athenian","Male","FALSE","","",""
2367,"Kl. Serapion","191","350.0","Person","","Athenian","Male","TRUE","","","Pallene"
2487,"Aur. Deidameia","217","350.0","Person","","Athenian","Female","TRUE","","","Lamptrai"
2478,"Roupheina","217.5","350.0","Person","","Roman","Female","FALSE","","",""
2417,"Iun. Agathopodos","150.5","350.0","Person","","Athenian","Male","TRUE","","","Marathon"
2400,"Ail Gelo II","187.5","350.0","Person","","Athenian","Male","TRUE","","","Phaleron"
2289,"L. Calpurnius Piso","155","350.0","Person","","Roman","Male","FALSE","","",""
2389,"Kl. Philippos","187.5","350.0","Person","","Athenian","Male","TRUE","Praxagorid","Claudii of Melite","Melite"
2204,"Antio Metrodorou","100.5","350.0","Person","","Athenian","Male","FALSE","","","Kydathenaion"
2316,"Pompeia Polla","166","350.0","Person","","Athenian","Female","TRUE","","",""
2395,"Diokles","187.5","350.0","Person","","Athenian","Male","FALSE","","","Phaleron"
2009,"Dionysios Dionysiou","-85","350.0","Person","","Athenian","Male","FALSE","","","Sphettos"
2074,"Diokles Diokleous","-25","350.0","Person","","Athenian","Male","FALSE","","","Melite"
2404,"T. Fl. Leosthenes II","187.5","350.0","Person","","Athenian","Male","TRUE","","","Paiania"
2006,"[?] Heath-Initiate","-87.5","350.0","Person","","Athenian","Uncertain","FALSE","","",""
2324,"Fl. Polla","170","350.0","Person","","Athenian","Female","TRUE","","",""
2307,"Fl. Herakleitos","167","350.0","Person","","Athenian","Male","TRUE","","",""
2313,"T. Fl. Straton II","166","350.0","Person","","Athenian","Male","TRUE","","","Paiania"
1017,"Lykomidai","","350.0","Institution","Genos","Athenian","","","","",""
2212,"T. [?]","100.5","350.0","Person","","Athenian","Uncertain","TRUE","","",""
2438,"Onesimou Besaieus","250.5","350.0","Person","","Athenian","Male","FALSE","","",""
2321,"M. Iul Apellas","170","350.0","Person","","Athenian","Male","TRUE","","","Marathon"
2282,"[?] Emperor","175","350.0","Person","","Other/Uncertain","Male","FALSE","","",""
2127,"[O?]knia Polykharmou","-6.5","350.0","Person","","Athenian","Female","FALSE","","",""
2233,"Athenaios Epaphrodeitos Athenaiou","119.5","350.0","Person","","Athenian","Male","FALSE","","","Phlya"
2439,"Sabeiniane Hamillo","250.5","350.0","Person","","Athenian","Female","TRUE","","",""
2160,"Kl. [?] Asklepiodorou","55","350.0","Person","","Athenian","Female","TRUE","","",""
2227,"Kl. Attikou","115","350.0","Person","","Athenian","Male","TRUE","Herodian","Herodian-Eukleid","Marathon"
2144,"Diokles Themistokles Hagnousios","50","350.0","Person","","Athenian","Male","FALSE","Hagnous/Akharnid Daduchs","Hagnous/Akharnid Daduchs","Hagnous"
2149,"G. Caecilius Cassius","50","350.0","Person","","Roman","Male","FALSE","","",""
2359,"Kletos Epigonou","191","350.0","Person","","Athenian","Male","FALSE","","","Pallene"
2024,"Ktesikleia Apollonioiu","-50","350.0","Person","","Athenian","Female","FALSE","","",""
2183,"Eraton Eratonos","50.5","350.0","Person","","Athenian","Male","FALSE","","","Besa"
2277,"Ail. Praxagoras","150","350.0","Person","","Athenian","Male","TRUE","Praxagorid","Claudii of Melite","Melite"
2326,"Iul. Apollodotos Meliteus","170","350.0","Person","","Athenian","Male","TRUE","","","Melite"
2071,"Apolexis Apellikontos","-25","350.0","Person","","Athenian","Male","FALSE","","","Oion"
2222,"Pose Poseous","112.5","350.0","Person","","Athenian","Female","FALSE","","","Marathon"
2352,"Attikos Anthou","191","350.0","Person","","Athenian","Male","FALSE","","","Pallene"
2382,"Nikomakhos Mikomakhou","191","350.0","Person","","Athenian","Male","FALSE","","","Semakhidai"
2322,"M. Iul. Damianos","170","350.0","Person","","Athenian","Male","TRUE","","",""
1001,"Boule","","350.0","Institution","Public","Athenian","","","","",""
2045,"Lysiades Phaidrou","-40","350.0","Person","","Athenian","Female","FALSE","Lysiadidai","","Berenikidai"
2042,"Khrysothemis Phaidrou","-40","350.0","Person","","Athenian","Female","FALSE","Lysiadidai","","Berenikidai"
2020,"Diphila Diokleous","-70","350.0","Person","","Athenian","Female","FALSE","Medeiotes","","Melite"
2475,"Fl. Plautianos","204","350.0","Person","","Athenian","Male","TRUE","","",""
2050,"Kallikratides Syndromou","-32.5","350.0","Person","","Athenian","Male","FALSE","Oinophileid","",""
2111,"Diodotos Kalliphontos","-50.5","350.0","Person","","Athenian","Male","FALSE","","","Pambotadai"
2019,"Medeios Medeiou","-70","350.0","Person","","Athenian","Male","FALSE","Medeiotes","","Peiraius"
2260,"Nummia Kleo","145","350.0","Person","","Athenian","Female","TRUE","","",""
2358,"Arist[.]","191","350.0","Person","","Athenian","Male","FALSE","","","Pallene"
2250,"L. Vipsanius Aiolion","145","350.0","Person","","Athenian","Male","TRUE","","","Phlya"
2317,"Pompeius Pleistarkhos","166","350.0","Person","","Athenian","Male","TRUE","","",""
2228,"Viboullia Alkia","115","350.0","Person","","Athenian","Female","TRUE","Herodian","Herodian-Eukleid",""
2275,"Cornelia [?]","150","350.0","Person","","Athenian","Female","TRUE","","",""
2011,"Epiphaneia II Athenagorou","-85","350.0","Person","","Athenian","Female","FALSE","Athenagoridai","","Melite"
2072,"Demokhares Menandros","-25","350.0","Person","","Athenian","Male","FALSE","","","Azenia"
2076,"Themistokles Xenokleous","-25","350.0","Person","","Athenian","Male","FALSE","Hagnous/Akharnid Daduchs","Hagnous/Akharnid Daduchs","Melite"
2000,"UNC Kanephoros","-87.5","350.0","Person","","Athenian","Male","FALSE","","",""
2231,"Ael. Lysistrate","122","350.0","Person","","Athenian","Female","TRUE","","",""
1016,"Kerykes","","350.0","Institution","Genos","Athenian","","","","",""
1009,"Boule of Korinth","","350.0","Institution","Public","Other Greek","","","","",""
2209,"Areios","100.5","350.0","Person","","Athenian","Male","FALSE","","",""
2484,"Aur. Epaphrodeitos Asklepiadou","217","350.0","Person","","Athenian","Male","TRUE","","","Pithos"
1013,"Sacred Gerousia","","350.0","Institution","Public","Other Greek","","","","",""
2391,"Nikostrate Meneou","187.5","350.0","Person","","Athenian","Female","FALSE","","","Berenikidai"
2084,"Sophokles Philotou","-25","350.0","Person","","Athenian","Male","FALSE","","","Sounion"
2062,"Epikrates Kallimakhou","-25","350.0","Person","","Athenian","Male","FALSE","","","Leukonion"
2383,"Deiphilos Deiphilou","191","350.0","Person","","Athenian","Male","FALSE","","","Semakhidai"
2061,"Diotimos Diodorou","-25","350.0","Person","","Athenian","Male","FALSE","","","Halai Aixonides"
2378,"Aim[.]","191","350.0","Person","","Athenian","Male","FALSE","","","Semakhidai"
2486,"Aur. Paramona Paramonou","217","350.0","Person","","Athenian","Female","TRUE","","","Lamptrai"
2099,"Antiphon","-25","350.0","Person","","Athenian","Male","FALSE","Hagnous/Akharnid Daduchs","Hagnous/Akharnid Daduchs","Hagnous"
2057,"Ladameia Lysandrou","-25","350.0","Person","","Athenian","Female","FALSE","","","Peiraius"
2381,"Dephilos Khareisiou","191","350.0","Person","","Athenian","Male","FALSE","","","Semakhidai"
2221,"Hierophantis Perikleous","112.5","350.0","Person","","Athenian","Female","FALSE","","","Oion"
2021,"Timothea Medeiou","-70","350.0","Person","","Athenian","Female","FALSE","Medeiotes","","Peiraius"
2280,"Klementiane","175","350.0","Person","","Athenian","Female","TRUE","","",""
2241,"Emperor Hadrian","132","350.0","Person","","Other/Uncertain","Male","FALSE","","",""
2226,"Ti. Kl. Herodes Attikos Kl. Attikou","115","350.0","Person","","Athenian","Male","TRUE","Herodian","Herodian-Eukleid","Marathon"
2167,"T. Fl. Sophokles T. Fl. Kononos","75","350.0","Person","","Athenian","Male","TRUE","","","Sounion"
2294,"Appius","160","350.0","Person","","Roman","Male","FALSE","Herodian","Herodian-Eukleid","Marathon"
2164,"[?] Imperial Priest","99","350.0","Person","","Athenian","Male","FALSE","","",""
2058,"Apolexis II","-25","350.0","Person","","Athenian","Male","FALSE","","","Oion"
2329,"Kl. Lysiades","170","350.0","Person","","Athenian","Male","TRUE","Leonid","Claudii of Melite",""
2081,"Timosthenes Timarkhou","-25","350.0","Person","","Athenian","Male","FALSE","","","Kephesia"
2101,"Hierokleides","-25","350.0","Person","","Athenian","Male","FALSE","Hagnous/Akharnid Daduchs","Hagnous/Akharnid Daduchs",""
2073,"Sarapion Diokleous","-25","350.0","Person","","Athenian","Male","FALSE","","","Melite"
2104,"[?] Hearth-Initiate Themistokleous","-13","350.0","Person","","Athenian","Male","FALSE","Hagnous/Akharnid Daduchs","Hagnous/Akharnid Daduchs","Hagnous"
2288,"Sergius Calpurnius Scipio Orfitus","155","350.0","Person","","Roman","Male","FALSE","","",""
2106,"Polyainos Nikandrou","-13","350.0","Person","","Athenian","Male","FALSE","","","Sounion"
2311,"Agothokles Marathonios","165","350.0","Person","","Athenian","Male","FALSE","","","Marathon"
2133,"Papios Marathonios","20","350.0","Person","","Other/Uncertain","Male","FALSE","","","Marathon"
2082,"Menandros Demokharous","-25","350.0","Person","","Athenian","Male","FALSE","","","Azenia"
2236,"T. Vipsanius [.] Flavianos","132.5","350.0","Person","","Athenian","Male","TRUE","","","Kephesia"
2457,"P. Ail. Dionysos","200","350.0","Person","","Athenian","Male","TRUE","Publii Aelii Dionysii","Publii Aelii Dionysii",""
2202,"[.]okleia wife of Metrodoros","100.5","350.0","Person","","Athenian","Female","FALSE","","",""
2158,"Klaudia Philippe","55","350.0","Person","","Athenian","Female","TRUE","","","Pallene"
2373,"Epitunkhanon Epitunkhanonos","191","350.0","Person","","Athenian","Male","FALSE","","","Semakhidai"
2401,"P. Pom. Hegios","187.5","350.0","Person","","Athenian","Male","TRUE","","","Phaleron"
2474,"Geta","204","350.0","Person","","Other/Uncertain","Male","FALSE","","",""
2079,"Apollonios Ktesikleous","-25","350.0","Person","","Athenian","Male","FALSE","Hagnous/Akharnid Daduchs","Hagnous/Akharnid Daduchs","Akharnai"
2150,"Statilia [.]","50","350.0","Person","","Athenian","Female","TRUE","","","Sphettos"
2255,"Annia Aristokleia","145","350.0","Person","","Athenian","Female","TRUE","","","Kholleidai"
2223,"Fl. Laodameia Kleitou","112.5","350.0","Person","","Athenian","Female","TRUE","","","Phlya"
2323,"Fl. Apella Hypaipenou","170","350.0","Person","","Athenian","Female","TRUE","","",""
2379,"Titios Molossios Alopekethen","191","350.0","Person","","Athenian","Male","TRUE","","","Alopeke"
2030,"[?] Heath-Initiate","-50","350.0","Person","","Athenian","Uncertain","FALSE","","",""
2044,"Pomponianus Atticus","-40","350.0","Person","","Roman","Male","FALSE","","",""
2189,"T. Fl [?]","50.5","350.0","Person","","Athenian","Uncertain","FALSE","","",""
2152,"Iulia Agrippina","54.5","350.0","Person","","Roman","Female","FALSE","","",""
2022,"[?] Tamias","-61.5","350.0","Person","","Athenian","Male","FALSE","","",""
2454,"P. Ail. Herennia","200","350.0","Person","","Athenian","Female","TRUE","Publii Aelii Dionysii","Publii Aelii Dionysii",""
1006,"Philoi","","350.0","Institution","Private","Other/Uncertain","","","","",""
2087,"Alexandros Agathokleous","-25","350.0","Person","","Athenian","Male","FALSE","","","Leukonion"
2398,"Ail. Kallikrates","187.5","350.0","Person","","Athenian","Male","TRUE","","","Phaleron"
2145,"Athenais Diokleous","50","350.0","Person","","Athenian","Female","FALSE","Hagnous/Akharnid Daduchs","Hagnous/Akharnid Daduchs","Hagnous"
2068,"Aristodemos Argeiou","-25","350.0","Person","","Athenian","Male","FALSE","","","Trikorysios"
1015,"Eumolpidai","","350.0","Institution","Genos","Athenian","","","","",""
2140,"T. Statilius Lamprias","43","350.0","Person","","Other Greek","Male","FALSE","","",""
2029,"[?] Heath-Initiate","-50","350.0","Person","","Athenian","Uncertain","FALSE","","",""
2355,"Ai. F[.]","191","350.0","Person","","Athenian","Male","FALSE","","","Pallene"
2051,"Livia Drusilla","-26","350.0","Person","","Other/Uncertain","Female","FALSE","","",""
2162,"Iul. Nikanor","60","350.0","Person","","Other Greek","Male","FALSE","","",""
2181,"[?] Wife of Ammonios Kholleides","87.5","350.0","Person","","Athenian","Female","FALSE","","",""
2025,"Sophokles Xenokleous","-50","350.0","Person","","Athenian","Male","FALSE","","","Akharnai"
2173,"Kl. Philoxena Patronos","97.5","350.0","Person","","Athenian","Female","TRUE","","","Melite"
2384,"Hygeinos Arkhimhdous","191","350.0","Person","","Athenian","Male","FALSE","","","Phyrrnesios"
2001,"Ameinokleia Philanthou","-87.5","350.0","Person","","Athenian","Female","FALSE","","","Phlya"
2023,"T. Pinarius","-50","350.0","Person","","Roman","Male","FALSE","","",""
2518,"Damoteles","275","350.0","Person","","Athenian","Male","FALSE","","",""
2290,"P. Ail. Timosthenes","155","350.0","Person","","Athenian","Male","TRUE","","","Berenikidai"
2008,"[?] Mother","-87.5","350.0","Person","","Athenian","Female","FALSE","","",""
2485,"Aur. Magna II Magnou","217","350.0","Person","","Athenian","Female","TRUE","","","Pithos"
2169,"T. Fl. Konon Kononos","77.5","350.0","Person","","Athenian","Male","TRUE","","","Sounion"
2377,"Aim[.]","191","350.0","Person","","Athenian","Male","FALSE","","","Semakhidai"
2339,"L. Memmius Altar-Priest","170","350.0","Person","","Athenian","Male","TRUE","","","Thorikos"
2393,"Ail. Epilampsis Gelotos","187.5","350.0","Person","","Athenian","Female","TRUE","","","Phaleron"
2175,"Kl. Timothea","97.5","350.0","Person","","Athenian","Female","TRUE","","","Gargettos"
2007,"[?] Father","-87.5","350.0","Person","","Athenian","Male","FALSE","","",""
2272,"Exegete Patron","150","350.0","Person","","Athenian","Male","FALSE","","",""
2418,"Demetrios Apolloniou","150.5","350.0","Person","","Athenian","Male","FALSE","","","Marathon"
2004,"Diopeithes","-87.5","350.0","Person","","Athenian","Male","FALSE","","","Halai Aixonides"
2136,"Praxagoras","25","350.0","Person","","Athenian","Male","FALSE","","",""
2196,"Tryphon Phylasios","50.5","350.0","Person","","Athenian","Male","FALSE","","","Phlya"
2134,"Iulia Augusta","25","350.0","Person","","Other/Uncertain","Female","FALSE","","",""
2055,"Lamidion Apolexidos","-25","350.0","Person","","Athenian","Male","FALSE","","","Oion"
2350,"Ail. Leu. Palleneus","191","350.0","Person","","Athenian","Male","TRUE","","","Pallene"
2123,"Hierophantis Mos[kh.]","13","350.0","Person","","Athenian","Female","FALSE","","",""
2012,"Philemon","-73","350.0","Person","","Athenian","Male","FALSE","","",""
2293,"Regilla","155","350.0","Person","","Roman","Female","FALSE","Herodian","Herodian-Eukleid","Marathon"
2331,"Iul. Kephisodora","170","350.0","Person","","Athenian","Female","TRUE","Praxagorid","Claudii of Melite",""
2010,"Epiphaneia Hermolykou","-85","350.0","Person","","Athenian","Female","FALSE","","","Marathon"
2069,"Menneos Menneou","-25","350.0","Person","","Athenian","Male","FALSE","","","Azenia"
2387,"Iul. Domna","196.5","350.0","Person","","Other/Uncertain","Female","FALSE","","",""
2207,"Kallikleia","100.5","350.0","Person","","Athenian","Female","FALSE","","",""
2468,"Xenagoras II  Xenagorou","313","350.0","Person","","Athenian","Male","FALSE","Praxagorid","Claudii of Melite","Melite"
2356,"Hiero[.]","191","350.0","Person","","Athenian","Male","FALSE","","","Pallene"
2225,"[?] Priest","125","350.0","Person","","Athenian","Male","FALSE","","",""
2080,"Demostratos Dionysiou","-25","350.0","Person","","Athenian","Male","FALSE","","","Pallene"
2139,"Eimertos Polykharmos","25.5","350.0","Person","","Athenian","Male","FALSE","Eukleid","Herodian-Eukleid","Marathon"
2077,"Dionysodoros Dionysodorou","-25","350.0","Person","","Athenian","Male","FALSE","","","Deiradiotai"
2180,"Ammonios Kholleides","87.5","350.0","Person","","Athenian","Male","FALSE","","","Kholleidai"
2089,"Seleukos Demeou","-25","350.0","Person","","Athenian","Male","FALSE","","","Halai Aixonides"
2281,"Arrian","175","350.0","Person","","Other Greek","Male","FALSE","","",""
2283,"Ana[.]n Krateros","175","350.0","Person","","Athenian","Male","TRUE","","",""
2371,"Thrasyboulos Artemonos","191","350.0","Person","","Athenian","Male","FALSE","","","Semakhidai"
2318,"T. Fl. Menandros Paianieus","166","350.0","Person","","Athenian","Male","TRUE","","","Paiania"
2141,"Kleophatra Iophontos","50","350.0","Person","","Athenian","Female","FALSE","","","Deiradiotai"
2033,"Dionysios Athenagorou","-37.5","350.0","Person","","Athenian","Male","FALSE","Athenagoridai","","Melite"
2070,"Philemon Philemonos","-25","350.0","Person","","Athenian","Male","FALSE","","","Melite"
2351,"Demosthenes Anthou","191","350.0","Person","","Athenian","Male","FALSE","","","Pallene"
2385,"Nikostratos Nikiou","191","350.0","Person","","Athenian","Male","FALSE","","","Krioa"
2054,"Theophrastos Themistokleous","-25","350.0","Person","","Athenian","Male","FALSE","Hagnous/Akharnid Daduchs","Hagnous/Akharnid Daduchs","Hagnous"
2037,"[?] Hierophantis Amphiou","-32.5","350.0","Person","","Athenian","Female","FALSE","","",""
2128,"Polykharmos Polykritos","-6.5","350.0","Person","","Athenian","Male","FALSE","","",""
2159,"Kl. Asklepiodoros","55","350.0","Person","","Athenian","Male","TRUE","","",""
2075,"Arkhitimos Arkhitimou","-25","350.0","Person","","Athenian","Male","FALSE","","","Sphettos"
2435,"T. Fl. Agathonos Peiraieus","250.5","350.0","Person","","Athenian","Male","TRUE","","","Peiraius"
2471,"Licinius Kallistomakhos","205","350.0","Person","","Athenian","Male","TRUE","","",""
2093,"Leontios Sophokleous","-25","350.0","Person","","Athenian","Male","FALSE","Hagnous/Akharnid Daduchs","Hagnous/Akharnid Daduchs","Akharnai"
2467,"P. Perennios Ptolemaios P. Herenniou","313","350.0","Person","","Athenian","Male","TRUE","","",""
2142,"P. Papinius Statius","50","350.0","Person","","Roman","Male","FALSE","","",""
2315,"Fl. [.]krateia","166","350.0","Person","","Athenian","Female","TRUE","","",""
2130,"Theophilos Eudoxou","25.5","350.0","Person","","Athenian","Male","FALSE","","","Eleusis"
2365,"Fl. Stephanos","191","350.0","Person","","Athenian","Male","TRUE","","","Pallene"
2197,"[?] Daughter of [A?]bans Akharneus","50.5","350.0","Person","","Athenian","Female","FALSE","","","Akharnai"
2287,"Calpurnia L. Lepida","155","350.0","Person","","Roman","Female","FALSE","","",""
2303,"T. Fl. Alkibiades (II)","167","350.0","Person","","Athenian","Male","TRUE","","","Paiania"
1003,"Tribe of Antiochis","","350.0","Institution","Public","Athenian","","","","",""
2232,"L. P[?] Husband of Ael. Lysistrate","122","350.0","Person","","Athenian","Male","TRUE","","",""
2299,"Fl. Zenophilos","165","350.0","Person","","Athenian","Male","TRUE","","","Marathon"
2357,"Kl. M[.]","191","350.0","Person","","Athenian","Male","FALSE","","","Pallene"
2083,"Aristaikhmos Ammoniou","-25","350.0","Person","","Athenian","Male","FALSE","","","Anaphlystos"
2090,"Mikion Philokratou","-25","350.0","Person","","Athenian","Male","FALSE","","","Peiraius"
1020,"Praxiergidai","","350.0","Institution","Genos","Athenian","","","","",""
2063,"Leontios Timarkhou Kephesieos","-25","350.0","Person","","Athenian","Male","FALSE","","","Kephesia"
2271,"D. Iun. Menneas","150","350.0","Person","","Athenian","Male","TRUE","","",""
2166,"Kl. Alkia","65","350.0","Person","","Athenian","Female","TRUE","Herodian","Herodian-Eukleid","Marathon"
2100,"Hermoteimos","-25","350.0","Person","","Athenian","Male","FALSE","Hagnous/Akharnid Daduchs","Hagnous/Akharnid Daduchs",""
1012,"Panhellenes","","350.0","Institution","Public","Other Greek","","","","",""
2436,"Onesime Papiou","250.5","350.0","Person","","Athenian","Female","FALSE","","","Besa"
1000,"Areopagus","","350.0","Institution","Public","Athenian","","","","",""
2532,"Emperor Diocletian","295.5","350.0","Person","","Other/Uncertain","Male","FALSE","","",""
2078,"Kikhesias Leontos","-25","350.0","Person","","Athenian","Male","FALSE","","","Aixone"
2327,"Iul. Theodotos","170","350.0","Person","","Athenian","Male","TRUE","","","Melite"
2043,"Phaidros Lysiadou","-40","350.0","Person","","Athenian","Male","FALSE","Lysiadidai","","Berenikidai"
2364,"Aristoboulos Zosimou","191","350.0","Person","","Athenian","Male","FALSE","","","Pallene"
2155,"G. Iul. Polkhos Sounieus","55","350.0","Person","","Athenian","Male","TRUE","","","Sounion"
2360,"Dionysios Glaukou","191","350.0","Person","","Athenian","Male","FALSE","","","Pallene"
2109,"Phainarete Att[.]","-50.5","350.0","Person","","Athenian","Female","FALSE","","",""
2274,"D. Iun. Peiraieus","150","350.0","Person","","Athenian","Male","TRUE","","","Peiraius"
2392,"G. Kasios Semakhidai","187.5","350.0","Person","","Other/Uncertain","Male","FALSE","","","Semakhidai"
2309,"Krateros","167","350.0","Person","","Athenian","Male","FALSE","","",""
2237,"[?] Son of Heroxenos Marathonios","137.5","350.0","Person","","Athenian","Male","FALSE","","","Marathon"
2291,"Ail. Zenonos","155","350.0","Person","","Athenian","Male","TRUE","","",""
2135,"Nikodemos Hermeiou","25","350.0","Person","","Athenian","Male","FALSE","","",""
2132,"Kleo Eukleous","20","350.0","Person","","Athenian","Female","FALSE","","","Phlya"
2366,"Ai. Markos","191","350.0","Person","","Athenian","Male","TRUE","","","Pallene"
2304,"T. Fl. Leosthenes","167","350.0","Person","","Athenian","Male","TRUE","","","Paiania"
2203,"Metrodoros II Metrodorou","100.5","350.0","Person","","Athenian","Male","FALSE","","","Kydathenaion"
2028,"Khairion Dionysiou","-50","350.0","Person","","Athenian","Male","FALSE","","","Marathon"
2003,"Philanthes","-87.5","350.0","Person","","Athenian","Male","FALSE","","","Halai Aixonides"
2421,"Aristaios","150.5","350.0","Person","","Athenian","Male","FALSE","","",""
2453,"P. Ail Apollonios","200","350.0","Person","","Athenian","Male","TRUE","Publii Aelii Dionysii","Publii Aelii Dionysii",""
2462,"Attikos Eudoxou","200","350.0","Person","","Athenian","Male","FALSE","","","Sphettos"
2038,"L. Munatius Plancus","-36","350.0","Person","","Roman","Male","FALSE","","",""
2220,"[?] Husband of Woman","150.5","350.0","Person","","Athenian","Male","FALSE","","",""
1004,"Dionysiac Technitai","","350.0","Institution","Private","Athenian","","","","",""
2151,"Ti. Kl. Eukles Sostratou","54.5","350.0","Person","","Athenian","Male","TRUE","","",""
2114,"Dionysios Dionysiou","50","350.0","Person","","Athenian","Male","FALSE","","",""
2257,"L. Nummius Andreas Menidos","145","350.0","Person","","Athenian","Male","TRUE","","","Phaleron"
2253,"Iunia [?] Iun. Patronos","145","350.0","Person","","Athenian","Female","TRUE","","","Berenikidai"
2397,"Ail. Ardys","187.5","350.0","Person","","Athenian","Male","TRUE","","","Phaleron"
2098,"Themistokles A(TBD)","-25","350.0","Person","","Athenian","Male","FALSE","Hagnous/Akharnid Daduchs","Hagnous/Akharnid Daduchs","Hagnous"
2403,"Pom. Epilampsis","187.5","350.0","Person","","Athenian","Male","TRUE","","","Phaleron"
2094,"Philoxenidos (Sophokleous)","-25","350.0","Person","","Athenian","Male","FALSE","Hagnous/Akharnid Daduchs","Hagnous/Akharnid Daduchs","Akharnai"
2186,"[.]ppos Herokleitou","50.5","350.0","Person","","Athenian","Male","FALSE","","","Gargettos"
2314,"T. Fl Straton I","166","350.0","Person","","Athenian","Male","TRUE","","","Paiania"
2027,"Kleo Dionysiou","-50","350.0","Person","","Athenian","Female","FALSE","","","Ikarion"
2461,"Sekoundos the Eumolpid","200","350.0","Person","","Roman","Male","FALSE","","",""
2482,"Aur. Magna","217","350.0","Person","","Athenian","Female","TRUE","","","Pithos"
2096,"Philistides","-25","350.0","Person","","Athenian","Male","FALSE","Hagnous/Akharnid Daduchs","Hagnous/Akharnid Daduchs","Hagnous"
2235,"Vipsania Lailiane","132.5","350.0","Person","","Athenian","Female","TRUE","","","Kephesia"
2481,"Ptolemais Serenou Gaza","206.5","350.0","Person","","Other Greek","Male","FALSE","","",""
2251,"L. Vipsanius Lailianos","145","350.0","Person","","Athenian","Male","TRUE","","","Phlya"
2230,"Agrius Saturninus","122","350.0","Person","","Roman","Male","FALSE","","",""
2479,"Iul. Mousonios","217.5","350.0","Person","","Athenian","Male","TRUE","","","Steiria"
2306,"Fl. Eisidora","167","350.0","Person","","Athenian","Female","TRUE","","",""
2124,"Antamenes Leontikhou","13","350.0","Person","","Athenian","Male","FALSE","","","Epieikidai"
2472,"Kl. Kallistomakhos","205","350.0","Person","","Athenian","Male","TRUE","","",""
2353,"[.]iteles","191","350.0","Person","","Athenian","Male","FALSE","","","Pallene"
1002,"Demos","","350.0","Institution","Public","Athenian","","","","",""
2110,"Diotima","-50.5","350.0","Person","","Athenian","Female","FALSE","","",""
2376,"Ti. Kl. Sospis II Lysiadou","191","350.0","Person","","Athenian","Male","TRUE","","","Semakhidai"
2103,"Sophokles Theophrastou","-20","350.0","Person","","Athenian","Male","FALSE","Hagnous/Akharnid Daduchs","Hagnous/Akharnid Daduchs","Akharnai"
2473,"Carracalla","204","350.0","Person","","Other/Uncertain","Male","FALSE","","",""
