Institution: Title,Institution: Role,Institution: Origin,Institution: Type,Inscription: IE,Inscription: Title,Inscription: Object Type,Inscription: Type,Inscription: Suspected Ancient Location,Inscription: Date (Avg.),Inscription: Date Span,Inscription: Letter Height (m),Institution: Total Appearances,Institution: Total Offices,Institution: Total Office Appearances,Institution: Total Officers,Institution: Total Officer Appearances,Institution: Total People Co-Appearances,Institution: Total Institutional Co-Appearances,Institution: Total Honors Co-Appearances,Institution: Total People Co-Appearances with Officers,Institution: Total Institutional Co-Appearances with Officers,Inscription: Character Count,Inscription: Diplomatic Character Count,Inscription: Word Count,Inscription: Diplomatic Word Count,Inscription: Total Institutions,Inscription: Total Honors,Inscription: Total People,Inscription: Total Sponsors,Inscription: Total Honorands,Inscription: Total Athenians,Inscription: Total Romans,Institution: ID,Inscription: ID,Institution: Notes,Inscription: Notes
Areopagus,,Athens,Public,271,Honorary Decree of the Synod of Dionysiac Artists in Honor of their Epimelete Philemon,Base,Decree,,-73.0,6,0.0070,84,7,68,43,56,151,203,164,274,104,2289,2083,519,438,4,5,1,1,1,1,0,271,271,,
Areopagus,Sponsor,Athens,Public,295,"Statue Base for Kallikratides Syndromou Trikorysios, Hoplite General",Base,Dedication,South Wall,-32.5,5,0.0345,84,7,68,43,56,151,203,164,274,104,198,149,50,36,3,1,1,3,1,1,0,295,295,,
Areopagus,Sponsor,Athens,Public,312,Statue Base for Dionysios Son of Dionysios,Stele,Dedication,,50.0,300,0.0270,84,7,68,43,56,151,203,164,274,104,54,34,15,10,1,0,1,1,1,1,0,312,312,,
Areopagus,Sponsor,Athens,Public,323,"Statue Base for Atheno Niketou Hagnousiou, Hearth-Initiate",Base,Dedication,,0.0,50,,84,7,68,43,56,151,203,164,274,104,126,125,30,30,3,1,1,3,1,1,0,323,323,,
Areopagus,Sponsor,Athens,Public,324,"Statue Base for Pammenes Pammenous Marathonios, Exegete of the Eumolpidai",Base,Dedication,Before the Telestrion,13.0,24,0.0300,84,7,68,43,56,151,203,164,274,104,158,67,53,25,4,1,1,4,1,1,0,324,324,,
Areopagus,Sponsor,Athens,Public,327,Statue Base for Antamenes Leontichou Epieikides,Base,Dedication,Outer Courtyard,13.0,24,0.0280,84,7,68,43,56,151,203,164,274,104,59,57,15,14,2,0,1,2,1,1,0,327,327,,
Areopagus,Sponsor,Athens,Public,334,Monument for Emperor Tiberius,Base,Dedication,,20.0,10,0.0450,84,7,68,43,56,151,203,164,274,104,225,129,52,29,3,2,3,3,1,2,1,334,334,,
Areopagus,Sponsor,Athens,Public,335,Monument for Iulia Augusta,Other/Fragment,Dedication,,25.0,10,0.0450,84,7,68,43,56,151,203,164,274,104,247,21,62,13,3,2,5,3,1,3,2,335,335,,
Areopagus,Sponsor,Athens,Public,340,Statue Base for Unknown,Base,Dedication,,37.5,25,0.0230,84,7,68,43,56,151,203,164,274,104,51,6,21,6,3,0,0,3,0,0,0,340,340,,
Areopagus,Sponsor,Athens,Public,345,Statue Base for Titus Statilius Lamprias,Base,Dedication,,43.0,10,,84,7,68,43,56,151,203,164,274,104,100,97,24,22,3,0,1,3,1,0,1,345,345,,
Areopagus,Sponsor,Athens,Public,348,Statue Base for Diokles Themistokleous Hagnousios,Base,Dedication,,50.0,20,0.0200,84,7,68,43,56,151,203,164,274,104,123,32,34,12,3,1,2,3,1,2,0,348,348,,
Areopagus,Sponsor,Athens,Public,349,"Statue Base for Athenais, Daughter of Diokles Hagnousios",Stele,Dedication,Before the Telestrion,50.0,20,,84,7,68,43,56,151,203,164,274,104,160,112,38,21,3,1,2,3,1,2,0,349,349,,
Areopagus,Sponsor,Athens,Public,351,"Statue Base for Seilon Apolloniou Meliteus, Hearth-Initiate",Base,Dedication,,50.0,20,0.0180,84,7,68,43,56,151,203,164,274,104,145,130,48,35,3,1,2,3,1,2,0,351,351,,
Areopagus,Sponsor,Athens,Public,352,"Statue Base for Caius Caecilius Kasios, Acharneus",Base,Dedication,Before the Telestrion,50.0,20,0.0300,84,7,68,43,56,151,203,164,274,104,99,76,27,20,3,0,1,3,1,0,1,352,352,,
Areopagus,Sponsor,Athens,Public,353,Statue Base for an Unknown Daughter of Statilius of Sphettos,Building or Monument,Dedication,,50.0,20,0.0250,84,7,68,43,56,151,203,164,274,104,125,59,46,21,3,0,1,3,1,0,1,353,353,,
Areopagus,,Athens,Public,360,Contract Concerning Iulius Nikanor,Building or Monument,Other/Uncertain,,60.0,20,0.0130,84,7,68,43,56,151,203,164,274,104,1224,437,336,131,2,0,1,0,0,0,0,360,360,,
Areopagus,Sponsor,Athens,Public,362,"Status Base for Iulius Nikanor, New Homer and New Themistokles",Base,Dedication,,60.0,10,0.0220,84,7,68,43,56,151,203,164,274,104,103,73,28,20,3,0,1,3,1,0,0,362,362,,
Areopagus,Sponsor,Athens,Public,372,Statue Base for an Unknown Individual,Base,Dedication,,97.5,15,0.0280,84,7,68,43,56,151,203,164,274,104,104,74,29,18,1,1,1,1,0,1,0,372,372,,
Areopagus,,Athens,Public,377,Statue Base for the Unknown Wife of Ammonios of Kholleidai,Base,Dedication,,87.5,25,0.0190,84,7,68,43,56,151,203,164,274,104,173,121,41,30,1,1,3,1,1,3,0,377,377,,
Areopagus,Sponsor,Athens,Public,378,Statue Base for Eraton Eratonos Besaieus,Base,Dedication,,50.5,99,0.0280,84,7,68,43,56,151,203,164,274,104,75,60,23,18,2,0,1,2,1,1,0,378,378,,
Areopagus,Sponsor,Athens,Public,383,Statue Base for a T. Flavius,Building or Monument,Dedication,,50.5,99,0.0130,84,7,68,43,56,151,203,164,274,104,56,32,21,10,3,0,1,3,1,1,0,383,383,,
Areopagus,Sponsor,Athens,Public,389,Son of Tryphon Phylasios,Building or Monument,Dedication,,50.5,99,0.0900,84,7,68,43,56,151,203,164,274,104,171,46,55,14,3,0,3,3,1,3,0,389,389,,
Areopagus,Sponsor,Athens,Public,402,Statue Base for an Unknown Individual,Base,Dedication,,100.5,199,0.0310,84,7,68,43,56,151,203,164,274,104,55,14,23,10,3,0,1,3,1,0,0,402,402,,
Areopagus,Sponsor,Athens,Public,410,Statue Base(?) For Unknown,Base,Dedication,,150.5,299,0.0680,84,7,68,43,56,151,203,164,274,104,39,6,17,8,2,0,0,2,0,0,0,410,410,,
Areopagus,Sponsor,Athens,Public,414,Statue Base for an Unknown Individual,Other/Fragment,Dedication,,150.5,299,0.0250,84,7,68,43,56,151,203,164,274,104,46,17,14,7,3,1,0,3,0,0,0,414,414,,
Areopagus,Sponsor,Athens,Public,427,Statue Base for an Unknown Individual,Base,Dedication,Before the Telestrion,150.5,299,0.0290,84,7,68,43,56,151,203,164,274,104,32,9,14,5,2,0,0,2,0,0,0,427,427,,
Areopagus,Sponsor,Athens,Public,439,Statue Base for Agrius Saturninus,Base,Dedication,Before the Telestrion,122.0,10,0.0250,84,7,68,43,56,151,203,164,274,104,161,133,42,29,1,1,1,1,1,0,1,439,439,,
Areopagus,Sponsor,Athens,Public,440,Dedicatory Base in Honor of Ael. Lysistrate,Base,Dedication,,122.0,10,,84,7,68,43,56,151,203,164,274,104,83,48,33,18,3,1,2,3,1,2,0,440,440,,
Areopagus,Sponsor,Athens,Public,441,"Statue Base for Athenaios Athenaiou Phlyeus, Hearth-Initiate",Base,Dedication,,119.5,11,,84,7,68,43,56,151,203,164,274,104,201,140,72,35,2,2,2,2,1,2,0,441,441,,
Areopagus,,Athens,Public,445,Statue Base for Thrasyllos of Kholleidai,Base,Dedication,,135.0,10,0.0210,84,7,68,43,56,151,203,164,274,104,115,29,30,12,1,2,2,1,1,2,0,445,445,,
Areopagus,Sponsor,Athens,Public,455,"Statue Base for L. Vipsanios Aiolion Phlyeus, Exegete of the Eumolpidai",Base,Dedication,,145.0,10,0.0260,84,7,68,43,56,151,203,164,274,104,378,101,124,31,4,6,3,3,3,3,0,455,455,,
Areopagus,,Athens,Public,463,Statue Base for Menandra of Ephesos,Base,Dedication,,150.0,50,0.0170,84,7,68,43,56,151,203,164,274,104,675,471,153,90,2,23,4,0,1,4,0,463,463,,
Areopagus,Officer,Athens,Public,472,Statue Base for an Unknown Member of the Klaudii of Melite,Base,Dedication,,175.0,50,0.0250,84,7,68,43,56,151,203,164,274,104,66,8,19,7,1,2,2,0,1,2,0,472,472,,
Areopagus,Sponsor,Athens,Public,483,"Statue Base T. Fl. Hierophantes Paianieus, Son of T. Fl. Alkibiades",Base,Dedication,Before the Telestrion,167.0,10,0.0130,84,7,68,43,56,151,203,164,274,104,1196,996,273,202,4,12,9,3,1,8,1,483,483,,
Areopagus,Sponsor,Athens,Public,487,Statue Base for T. Fl. Euthykomas Paianieus,Altar,Dedication,,166.0,10,0.0270,84,7,68,43,56,151,203,164,274,104,247,169,83,48,1,3,6,1,1,6,0,487,487,,
Areopagus,Sponsor,Athens,Public,488,Statue Base for T. Fl. Menandros Paianieus,Stele,Dedication,South Wall,166.0,10,0.0370,84,7,68,43,56,151,203,164,274,104,136,132,32,29,1,0,3,2,1,3,0,488,488,,
Areopagus,Sponsor,Athens,Public,490,"Statue Base for M. Iul. Apellas Marathonios, Archon of the Eumolpidai",Altar,Dedication,Before the Telestrion,170.0,10,0.0280,84,7,68,43,56,151,203,164,274,104,187,150,45,31,2,1,4,2,1,4,0,490,490,,
Areopagus,Sponsor,Athens,Public,492,"Statue Base for Iul. Theodotos Meliteus, Son of Sophist Iul. Theodotos, Archon of the Kerykex",Altar,Dedication,Before the Telestrion,170.0,10,0.0290,84,7,68,43,56,151,203,164,274,104,255,244,51,47,4,6,5,3,1,5,0,492,492,,
Areopagus,Sponsor,Athens,Public,493,"Statue Base for Ael. Kephisodora, Daughter of Daduch Kl. Lysiades",Building or Monument,Dedication,,170.0,10,0.0250,84,7,68,43,56,151,203,164,274,104,371,176,113,56,1,5,5,3,1,5,0,493,493,,
Areopagus,Sponsor,Athens,Public,503,"Statue Base for L. Memmios, Altar-Priest, of Thorikos",Other/Fragment,Dedication,Before the Telestrion,178.5,3,0.0250,84,7,68,43,56,151,203,164,274,104,512,438,101,84,4,6,5,3,1,1,4,503,503,,
Areopagus,Sponsor,Athens,Public,519,Statue Base for the Empress Iul. Domna,Base,Dedication,,196.5,3,,84,7,68,43,56,151,203,164,274,104,118,110,20,18,3,0,1,3,0,0,1,519,519,,
Areopagus,Sponsor,Athens,Public,522,"Statue Base for Nikostrate Menneou Berenikidou, Hearth-Initiate",Base,Dedication,,187.5,25,0.0220,84,7,68,43,56,151,203,164,274,104,169,160,40,33,2,1,2,2,1,2,0,522,522,,
Areopagus,Sponsor,Athens,Public,528,Herm Honoring Demetrios Apolloniou Marathonios,Base,Dedication,,150.5,99,0.0200,84,7,68,43,56,151,203,164,274,104,64,53,21,15,1,0,1,1,1,1,0,528,528,,
Areopagus,Sponsor,Athens,Public,529,Herm Honoring Demetrios Apolloniou Marathonios,Base,Dedication,,150.5,99,,84,7,68,43,56,151,203,164,274,104,64,47,16,11,1,0,1,1,1,1,0,529,529,,
Areopagus,Sponsor,Athens,Public,539,Statue Base for an Unknown Individual,Base,Dedication,,150.5,99,0.0300,84,7,68,43,56,151,203,164,274,104,73,28,27,11,3,1,0,3,0,0,0,539,539,,
Areopagus,Officer,Athens,Public,542,Statue Base for an Unknown Individual,Altar,Dedication,,150.5,99,0.0340,84,7,68,43,56,151,203,164,274,104,57,9,22,9,1,2,0,0,0,0,0,542,542,,
Areopagus,Officer,Athens,Public,543,Statue Base for an Unknown Klaudios,Base,Dedication,,150.5,99,0.0260,84,7,68,43,56,151,203,164,274,104,67,22,24,11,1,3,1,0,1,1,0,543,543,,
Areopagus,Officer,Athens,Public,544,Statue Base for an Unknown Exegete,Base,Dedication,,150.5,99,0.0345,84,7,68,43,56,151,203,164,274,104,64,8,17,7,2,2,1,0,1,1,0,544,544,,
Areopagus,Sponsor,Athens,Public,558,Statue Base for an Unknown Son or Daughter of a Nummios,Building or Monument,Dedication,,150.5,99,0.0205,84,7,68,43,56,151,203,164,274,104,67,9,26,7,3,0,1,3,1,1,0,558,558,,
Areopagus,Sponsor,Athens,Public,570,Statue Base for an Unknown Individual,Base,Dedication,,150.5,99,0.0210,84,7,68,43,56,151,203,164,274,104,22,10,10,8,3,0,0,3,0,0,0,570,570,,
Areopagus,Sponsor,Athens,Public,571,Statue Base for an Unknown Individual,Stele,Dedication,,150.5,99,0.0400,84,7,68,43,56,151,203,164,274,104,44,26,22,12,3,0,0,3,0,0,0,571,571,,
Areopagus,Sponsor,Athens,Public,572,Statue Base(?) for an Unknown Individual,Column/Herm,Dedication,,150.5,99,0.0340,84,7,68,43,56,151,203,164,274,104,28,5,16,5,2,0,0,2,0,0,0,572,572,,
Areopagus,Sponsor,Athens,Public,573,Statue Base for an Unknown Individual,Base,Dedication,,150.5,99,0.0200,84,7,68,43,56,151,203,164,274,104,51,38,22,16,3,0,0,3,0,0,0,573,573,,
Areopagus,Sponsor,Athens,Public,574,Statue Base for an Unknown Individual,Base,Dedication,,150.5,99,0.0270,84,7,68,43,56,151,203,164,274,104,43,11,11,5,1,0,0,1,0,0,0,574,574,,
Areopagus,Sponsor,Athens,Public,576,Statue Base for an Unknown Individual,Base,Dedication,,150.5,99,0.0250,84,7,68,43,56,151,203,164,274,104,20,4,9,4,1,0,0,1,0,0,0,576,576,,
Areopagus,Sponsor,Athens,Public,579,Statue Base for an Unknown Individual,Base,Dedication,,150.5,99,0.0285,84,7,68,43,56,151,203,164,274,104,29,9,13,6,1,0,0,1,0,0,0,579,579,,
Areopagus,Sponsor,Athens,Public,587,"Statue Base for T. Fl. Ateiemtos Son of T. Fl. Agathon of Peiraieus, Hearth-Initiate",Column/Herm,Dedication,,250.5,99,0.0300,84,7,68,43,56,151,203,164,274,104,191,168,47,38,1,1,5,2,1,5,0,587,587,,
Areopagus,Sponsor,Athens,Public,588,"Statue Base for Sabeiniane Hamillo, Priestess of Athena Polias, Probably Not from the Sanctuary",Other/Fragment,Dedication,,250.5,99,0.0240,84,7,68,43,56,151,203,164,274,104,168,164,38,36,4,1,1,4,1,1,0,588,588,,
Areopagus,Officer,Athens,Public,596,Statue Base for an Unknown Individual,Base,Dedication,,250.5,99,0.0265,84,7,68,43,56,151,203,164,274,104,50,11,16,6,1,2,0,0,0,0,0,596,596,,
Areopagus,Sponsor,Athens,Public,604,Statue Base for an Unknown Individual,Base,Dedication,,250.5,99,,84,7,68,43,56,151,203,164,274,104,41,14,17,8,3,0,0,3,0,0,0,604,604,,
Areopagus,Sponsor,Athens,Public,620,Statue Base(?) for an Unknown Individual,Base,Other/Uncertain,,250.5,99,0.0560,84,7,68,43,56,151,203,164,274,104,27,22,14,10,3,0,0,3,0,0,0,620,620,,
Areopagus,,Athens,Public,621,"P. Ael. Herennia, Daughter of P. Ael. Apollonios, Hearth Initiate",Base,Dedication,,200.0,50,0.0160,84,7,68,43,56,151,203,164,274,104,377,335,81,66,2,8,6,2,1,6,0,621,621,,
Areopagus,Sponsor,Athens,Public,623,"Statue Base for a Sekoundos, Eumolpid",Base,Dedication,,200.0,10,,84,7,68,43,56,151,203,164,274,104,79,62,22,15,2,1,2,1,1,1,1,623,623,,
Areopagus,Sponsor,Athens,Public,626,"Statue Base for the Sophist P. Herennius Ptolemais, Son of P. Herennius, Hierokeryx",Base,Dedication,North of the Telesterion,313.0,24,0.0220,84,7,68,43,56,151,203,164,274,104,105,93,23,20,4,4,1,3,0,1,0,626,626,,
Areopagus,Officer,Athens,Public,626,"Statue Base for the Sophist P. Herennius Ptolemais, Son of P. Herennius, Hierokeryx",Base,Dedication,North of the Telesterion,313.0,24,0.0220,84,7,68,43,56,151,203,164,274,104,105,93,23,20,4,4,1,3,0,1,0,626,626,,
Areopagus,Sponsor,Athens,Public,630,Statue Base for Ful. Plautianos,Base,Dedication,Before the Telestrion,204.0,2,0.0200,84,7,68,43,56,151,203,164,274,104,206,124,51,30,3,4,4,3,1,1,3,630,630,,
Areopagus,Sponsor,Athens,Public,632,"Statue Base for Kl. Menandra, Daughter of the Daduch Kl. Philippos",Base,Dedication,Before the Telestrion,210.0,10,0.0350,84,7,68,43,56,151,203,164,274,104,173,162,45,41,3,1,5,3,1,5,0,632,632,,
Areopagus,Sponsor,Athens,Public,633,"Statue Base for Rouphenia, Mother of Iul. the Hierokeryx",Base,Dedication,,217.5,15,0.0235,84,7,68,43,56,151,203,164,274,104,191,152,51,35,1,6,3,1,1,2,1,633,633,,
Areopagus,Sponsor,Athens,Public,634,"Statue Base for Ptolemaios, Son of Serenos of Gaza",Base,Dedication,,206.5,11,0.0350,84,7,68,43,56,151,203,164,274,104,180,175,41,38,1,1,1,1,1,1,0,634,634,,
Areopagus,Sponsor,Athens,Public,635,"Statue Base for Aur. Magna, Hearth-Initiate",Base,Dedication,,217.0,10,0.0280,84,7,68,43,56,151,203,164,274,104,154,134,40,33,1,2,4,3,1,4,0,635,635,,
Areopagus,Sponsor,Athens,Public,638,Decree of the Athenians Concerning the Transport of the Sacred Objects,Base,Decree,South Wall,220.0,10,0.0180,84,7,68,43,56,151,203,164,274,104,1749,1355,465,326,5,6,3,3,0,3,0,638,638,,
Areopagus,Sponsor,Athens,Public,645,"Statue Base for Kassianos, Hierokeryx",Base,Dedication,Before the Telestrion,236.0,10,0.0350,84,7,68,43,56,151,203,164,274,104,119,115,21,19,3,6,1,3,1,1,0,645,645,,
Areopagus,Sponsor,Athens,Public,654,"Statue Base for Aerarios Sosipatros, Daduch",Base,Dedication,,275.0,50,0.0350,84,7,68,43,56,151,203,164,274,104,79,77,16,15,3,1,3,3,1,3,0,654,654,,
Areopagus,,Athens,Public,655,Letter of the Emperor Gallienus to the Athenians Concerning the Mysteries,Base,Epistle,,265.0,0,0.0180,84,7,68,43,56,151,203,164,274,104,638,276,234,85,3,5,2,0,0,0,2,655,655,,
Areopagus,Sponsor,Athens,Public,662,Statue Base for an Unknown Individual,Base,Dedication,Before the Telestrion,250.0,100,0.0250,84,7,68,43,56,151,203,164,274,104,92,30,31,17,1,0,1,1,0,1,0,662,662,,
Areopagus,Sponsor,Athens,Public,667,Base Dedicated by an Unknown party,Base,Dedication,,150.5,299,,84,7,68,43,56,151,203,164,274,104,71,27,26,11,1,0,0,1,0,0,0,667,667,,
Areopagus,Sponsor,Athens,Public,347,"Statue Base for P. Papinus Statius, Dedicated by the Areopagus",Base,Dedication,,50.0,50,0.0215,84,7,68,43,56,151,203,164,274,104,85,68,29,17,2,0,1,2,1,0,1,682,682,,
Areopagus,Officer,Athens,Public,433,"Statue Base for Ti. Kl., the Hierophant, Kallikratidou Trikorysios",Base,Dedication,,112.5,25,0.0250,84,7,68,43,56,151,203,164,274,104,0,0,1,1,3,12,0,0,0,0,0,689,689,,
Areopagus,Sponsor,Athens,Public,473,"Statue Base for Sergius Salvidius Orfitus, Dedicated by The Areopagus, Boule, and Demos",Base,Dedication,South Wall,155.0,10,0.0550,84,7,68,43,56,151,203,164,274,104,0,0,1,1,3,0,1,3,1,0,1,691,691,,
Areopagus,Sponsor,Athens,Public,473,"Statue Base for Calpurnia Lepida, Daughter of L., Wife of Scipio Orfitus, Dedicated by the Areopagus, Boule, and Demos",Base,Dedication,South Wall,155.0,10,0.0550,84,7,68,43,56,151,203,164,274,104,0,0,1,1,3,0,2,3,1,0,2,692,692,,
Areopagus,Sponsor,Athens,Public,473,"Statue Base for Sergius Calpurius Scipio Orfitus, Son of Scipio Orfitus, Dedicated by the Areopagus, Boule, and Demos",Base,Dedication,South Wall,155.0,10,0.0550,84,7,68,43,56,151,203,164,274,104,0,0,1,1,3,0,2,3,1,0,2,693,693,,
Areopagus,Sponsor,Athens,Public,473,"Statue Base for L. Calpurnius Scipio, son of Orfitus, Dedicated by the Areopagus, Boule, and Demos",Base,Dedication,South Wall,155.0,10,0.0550,84,7,68,43,56,151,203,164,274,104,0,0,1,1,3,0,2,3,1,0,2,694,694,,
Areopagus,Sponsor,Athens,Public,486,"Statue Base for the Savior Gods/Godesses of Brotherly Emperors, Dedicated by the Polis during the Epimelitea of Herodes",Base,Dedication,,171.0,10,0.0920,84,7,68,43,56,151,203,164,274,104,0,0,1,1,3,2,3,3,2,1,2,695,695,,
Areopagus,Sponsor,Athens,Public,486,"Statue Base for the Savior Gods/Godesses of the Brotherly Emperors, Dedicated By the Polis During the Epimelitea of Herodes",Base,Dedication,,171.0,10,0.0920,84,7,68,43,56,151,203,164,274,104,0,0,1,1,3,0,1,3,1,0,1,696,696,,
Boule,Sponsor,Athens,Public,267,Statue Base for an Unknown Kanephoros,Base,Dedication,Outer Courtyard,-87.5,25,0.0080,66,1,1,2,2,169,181,167,1,3,266,121,77,33,2,5,2,2,1,2,0,267,267,,
Boule,,Athens,Public,271,Honorary Decree of the Synod of Dionysiac Artists in Honor of their Epimelete Philemon,Base,Decree,,-73.0,6,0.0070,66,1,1,2,2,169,181,167,1,3,2289,2083,519,438,4,5,1,1,1,1,0,271,271,,
Boule,Sponsor,Athens,Public,274,Dedication in Honor of a Tamias,Base,Dedication,,-61.5,1,0.0095,66,1,1,2,2,169,181,167,1,3,48,26,21,12,1,1,1,1,1,1,0,274,274,,
Boule,Sponsor,Athens,Public,275,"Statue Base for Medeios Medeiou Peiraieus, Exegete of the Eumolpidai",Base,Dedication,North of the Telesterion,-60.0,10,0.0200,66,1,1,2,2,169,181,167,1,3,243,233,52,46,3,2,2,2,1,2,0,275,275,,
Boule,Sponsor,Athens,Public,282,Statue Base for Unknown Hearth-Initiate,Stele,Dedication,Between the Propylaea,-50.0,20,0.0090,66,1,1,2,2,169,181,167,1,3,147,96,44,24,2,3,3,2,1,3,0,282,282,,
Boule,Sponsor,Athens,Public,283,Statue Base for an Unknown Hearth-Initiate,Base,Dedication,Between the Propylaea,-50.0,20,,66,1,1,2,2,169,181,167,1,3,80,47,25,12,1,2,1,1,1,1,0,283,283,,
Boule,Sponsor,Athens,Public,295,"Statue Base for Kallikratides Syndromou Trikorysios, Hoplite General",Base,Dedication,South Wall,-32.5,5,0.0345,66,1,1,2,2,169,181,167,1,3,198,149,50,36,3,1,1,3,1,1,0,295,295,,
Boule,Sponsor,Athens,Public,300,Honorary Decree for Themistokles Theophrastou Hagnousios,Base,Decree,,-25.0,10,0.0095,66,1,1,2,2,169,181,167,1,3,3533,3223,781,638,3,18,47,2,1,47,0,300,300,,
Boule,Sponsor,Athens,Public,305,Statue Base for Polyainos Nikandrou Sounieus,Base,Dedication,,-13.0,24,0.0270,66,1,1,2,2,169,181,167,1,3,73,52,25,13,2,0,1,2,1,1,0,305,305,,
Boule,Sponsor,Athens,Public,323,"Statue Base for Atheno Niketou Hagnousiou, Hearth-Initiate",Base,Dedication,,0.0,50,,66,1,1,2,2,169,181,167,1,3,126,125,30,30,3,1,1,3,1,1,0,323,323,,
Boule,Sponsor,Athens,Public,324,"Statue Base for Pammenes Pammenous Marathonios, Exegete of the Eumolpidai",Base,Dedication,Before the Telestrion,13.0,24,0.0300,66,1,1,2,2,169,181,167,1,3,158,67,53,25,4,1,1,4,1,1,0,324,324,,
Boule,Sponsor,Athens,Public,329,"Statue Base for an Unknown Hearth-Initiate, Daughter of Polycharmos of Azenia",Other/Fragment,Dedication,,-6.5,41,,66,1,1,2,2,169,181,167,1,3,56,52,14,11,1,1,2,1,2,2,0,329,329,,
Boule,Sponsor,Athens,Public,334,Monument for Emperor Tiberius,Base,Dedication,,20.0,10,0.0450,66,1,1,2,2,169,181,167,1,3,225,129,52,29,3,2,3,3,1,2,1,334,334,,
Boule,Sponsor,Athens,Public,335,Monument for Iulia Augusta,Other/Fragment,Dedication,,25.0,10,0.0450,66,1,1,2,2,169,181,167,1,3,247,21,62,13,3,2,5,3,1,3,2,335,335,,
Boule,Sponsor,Athens,Public,340,Statue Base for Unknown,Base,Dedication,,37.5,25,0.0230,66,1,1,2,2,169,181,167,1,3,51,6,21,6,3,0,0,3,0,0,0,340,340,,
Boule,Sponsor,Athens,Public,345,Statue Base for Titus Statilius Lamprias,Base,Dedication,,43.0,10,,66,1,1,2,2,169,181,167,1,3,100,97,24,22,3,0,1,3,1,0,1,345,345,,
Boule,Sponsor,Athens,Public,348,Statue Base for Diokles Themistokleous Hagnousios,Base,Dedication,,50.0,20,0.0200,66,1,1,2,2,169,181,167,1,3,123,32,34,12,3,1,2,3,1,2,0,348,348,,
Boule,Sponsor,Athens,Public,349,"Statue Base for Athenais, Daughter of Diokles Hagnousios",Stele,Dedication,Before the Telestrion,50.0,20,,66,1,1,2,2,169,181,167,1,3,160,112,38,21,3,1,2,3,1,2,0,349,349,,
Boule,Sponsor,Athens,Public,351,"Statue Base for Seilon Apolloniou Meliteus, Hearth-Initiate",Base,Dedication,,50.0,20,0.0180,66,1,1,2,2,169,181,167,1,3,145,130,48,35,3,1,2,3,1,2,0,351,351,,
Boule,Sponsor,Athens,Public,352,"Statue Base for Caius Caecilius Kasios, Acharneus",Base,Dedication,Before the Telestrion,50.0,20,0.0300,66,1,1,2,2,169,181,167,1,3,99,76,27,20,3,0,1,3,1,0,1,352,352,,
Boule,Sponsor,Athens,Public,353,Statue Base for an Unknown Daughter of Statilius of Sphettos,Building or Monument,Dedication,,50.0,20,0.0250,66,1,1,2,2,169,181,167,1,3,125,59,46,21,3,0,1,3,1,0,1,353,353,,
Boule,Sponsor,Athens,Public,362,"Status Base for Iulius Nikanor, New Homer and New Themistokles",Base,Dedication,,60.0,10,0.0220,66,1,1,2,2,169,181,167,1,3,103,73,28,20,3,0,1,3,1,0,0,362,362,,
Boule,Sponsor,Athens,Public,378,Statue Base for Eraton Eratonos Besaieus,Base,Dedication,,50.5,99,0.0280,66,1,1,2,2,169,181,167,1,3,75,60,23,18,2,0,1,2,1,1,0,378,378,,
Boule,Sponsor,Athens,Public,383,Statue Base for a T. Flavius,Building or Monument,Dedication,,50.5,99,0.0130,66,1,1,2,2,169,181,167,1,3,56,32,21,10,3,0,1,3,1,1,0,383,383,,
Boule,Sponsor,Athens,Public,389,Son of Tryphon Phylasios,Building or Monument,Dedication,,50.5,99,0.0900,66,1,1,2,2,169,181,167,1,3,171,46,55,14,3,0,3,3,1,3,0,389,389,,
Boule,Sponsor,Athens,Public,394,Dedication to Dionysios Lenaios,Base,Dedication,,100.5,199,0.0100,66,1,1,2,2,169,181,167,1,3,53,16,18,7,1,1,1,1,1,1,0,394,394,,
Boule,Sponsor,Athens,Public,402,Statue Base for an Unknown Individual,Base,Dedication,,100.5,199,0.0310,66,1,1,2,2,169,181,167,1,3,55,14,23,10,3,0,1,3,1,0,0,402,402,,
Boule,Sponsor,Athens,Public,414,Statue Base for an Unknown Individual,Other/Fragment,Dedication,,150.5,299,0.0250,66,1,1,2,2,169,181,167,1,3,46,17,14,7,3,1,0,3,0,0,0,414,414,,
Boule,Sponsor,Athens,Public,427,Statue Base for an Unknown Individual,Base,Dedication,Before the Telestrion,150.5,299,0.0290,66,1,1,2,2,169,181,167,1,3,32,9,14,5,2,0,0,2,0,0,0,427,427,,
Boule,Sponsor,Athens,Public,440,Dedicatory Base in Honor of Ael. Lysistrate,Base,Dedication,,122.0,10,,66,1,1,2,2,169,181,167,1,3,83,48,33,18,3,1,2,3,1,2,0,440,440,,
Boule,Sponsor,Athens,Public,441,"Statue Base for Athenaios Athenaiou Phlyeus, Hearth-Initiate",Base,Dedication,,119.5,11,,66,1,1,2,2,169,181,167,1,3,201,140,72,35,2,2,2,2,1,2,0,441,441,,
Boule,Sponsor,Athens,Public,455,"Statue Base for L. Vipsanios Aiolion Phlyeus, Exegete of the Eumolpidai",Base,Dedication,,145.0,10,0.0260,66,1,1,2,2,169,181,167,1,3,378,101,124,31,4,6,3,3,3,3,0,455,455,,
Boule,Sponsor,Athens,Public,483,"Statue Base T. Fl. Hierophantes Paianieus, Son of T. Fl. Alkibiades",Base,Dedication,Before the Telestrion,167.0,10,0.0130,66,1,1,2,2,169,181,167,1,3,1196,996,273,202,4,12,9,3,1,8,1,483,483,,
Boule,Sponsor,Athens,Public,492,"Statue Base for Iul. Theodotos Meliteus, Son of Sophist Iul. Theodotos, Archon of the Kerykex",Altar,Dedication,Before the Telestrion,170.0,10,0.0290,66,1,1,2,2,169,181,167,1,3,255,244,51,47,4,6,5,3,1,5,0,492,492,,
Boule,,Athens,Public,502,"Statue Base for Isidote, Daughter of Isaios, Hierophantes",Base,Dedication,Before the Telestrion,184.0,16,0.0200,66,1,1,2,2,169,181,167,1,3,665,653,128,120,2,5,6,0,1,3,3,502,502,,
Boule,Sponsor,Athens,Public,503,"Statue Base for L. Memmios, Altar-Priest, of Thorikos",Other/Fragment,Dedication,Before the Telestrion,178.5,3,0.0250,66,1,1,2,2,169,181,167,1,3,512,438,101,84,4,6,5,3,1,1,4,503,503,,
Boule,Sponsor,Athens,Public,519,Statue Base for the Empress Iul. Domna,Base,Dedication,,196.5,3,,66,1,1,2,2,169,181,167,1,3,118,110,20,18,3,0,1,3,0,0,1,519,519,,
Boule,Officer,Athens,Public,523,"Statue Base for Ael. Epilampsis, Daughter of Ael. Gelos of Phaleron, Priestess of Demeter and Kore",Other/Fragment,Dedication,Before the Telestrion,187.5,25,0.0160,66,1,1,2,2,169,181,167,1,3,880,812,170,146,2,10,11,1,1,11,0,523,523,,
Boule,Sponsor,Athens,Public,539,Statue Base for an Unknown Individual,Base,Dedication,,150.5,99,0.0300,66,1,1,2,2,169,181,167,1,3,73,28,27,11,3,1,0,3,0,0,0,539,539,,
Boule,,Athens,Public,551,Large Monument in Honor of an Unknown Hearth-Initiate,Base,Dedication,,150.5,99,0.0430,66,1,1,2,2,169,181,167,1,3,86,45,37,20,2,1,1,1,1,1,0,551,551,,
Boule,Sponsor,Athens,Public,558,Statue Base for an Unknown Son or Daughter of a Nummios,Building or Monument,Dedication,,150.5,99,0.0205,66,1,1,2,2,169,181,167,1,3,67,9,26,7,3,0,1,3,1,1,0,558,558,,
Boule,Sponsor,Athens,Public,570,Statue Base for an Unknown Individual,Base,Dedication,,150.5,99,0.0210,66,1,1,2,2,169,181,167,1,3,22,10,10,8,3,0,0,3,0,0,0,570,570,,
Boule,Sponsor,Athens,Public,571,Statue Base for an Unknown Individual,Stele,Dedication,,150.5,99,0.0400,66,1,1,2,2,169,181,167,1,3,44,26,22,12,3,0,0,3,0,0,0,571,571,,
Boule,Sponsor,Athens,Public,573,Statue Base for an Unknown Individual,Base,Dedication,,150.5,99,0.0200,66,1,1,2,2,169,181,167,1,3,51,38,22,16,3,0,0,3,0,0,0,573,573,,
Boule,Sponsor,Athens,Public,577,Herm in Honor of an Unknown Individual,Base,Dedication,,150.5,99,0.0190,66,1,1,2,2,169,181,167,1,3,29,13,12,6,1,0,0,1,0,0,0,577,577,,
Boule,Sponsor,Athens,Public,578,Statue Base for an Unknown Individual,Base,Dedication,,150.5,99,0.0360,66,1,1,2,2,169,181,167,1,3,16,3,7,4,1,0,0,1,0,0,0,578,578,,
Boule,Sponsor,Athens,Public,588,"Statue Base for Sabeiniane Hamillo, Priestess of Athena Polias, Probably Not from the Sanctuary",Other/Fragment,Dedication,,250.5,99,0.0240,66,1,1,2,2,169,181,167,1,3,168,164,38,36,4,1,1,4,1,1,0,588,588,,
Boule,Sponsor,Athens,Public,604,Statue Base for an Unknown Individual,Base,Dedication,,250.5,99,,66,1,1,2,2,169,181,167,1,3,41,14,17,8,3,0,0,3,0,0,0,604,604,,
Boule,Sponsor,Athens,Public,620,Statue Base(?) for an Unknown Individual,Base,Other/Uncertain,,250.5,99,0.0560,66,1,1,2,2,169,181,167,1,3,27,22,14,10,3,0,0,3,0,0,0,620,620,,
Boule,Sponsor,Athens,Public,626,"Statue Base for the Sophist P. Herennius Ptolemais, Son of P. Herennius, Hierokeryx",Base,Dedication,North of the Telesterion,313.0,24,0.0220,66,1,1,2,2,169,181,167,1,3,105,93,23,20,4,4,1,3,0,1,0,626,626,,
Boule,Sponsor,Athens,Public,630,Statue Base for Ful. Plautianos,Base,Dedication,Before the Telestrion,204.0,2,0.0200,66,1,1,2,2,169,181,167,1,3,206,124,51,30,3,4,4,3,1,1,3,630,630,,
Boule,Sponsor,Athens,Public,632,"Statue Base for Kl. Menandra, Daughter of the Daduch Kl. Philippos",Base,Dedication,Before the Telestrion,210.0,10,0.0350,66,1,1,2,2,169,181,167,1,3,173,162,45,41,3,1,5,3,1,5,0,632,632,,
Boule,Sponsor,Athens,Public,636,"Statue Base for Aur. Paramona, Daughter of Aur. Paramonos of Lamptrai, Heath-Initiate",Base,Dedication,,217.0,10,0.0225,66,1,1,2,2,169,181,167,1,3,145,95,40,23,1,1,2,1,1,2,0,636,636,,
Boule,Sponsor,Athens,Public,638,Decree of the Athenians Concerning the Transport of the Sacred Objects,Base,Decree,South Wall,220.0,10,0.0180,66,1,1,2,2,169,181,167,1,3,1749,1355,465,326,5,6,3,3,0,3,0,638,638,,
Boule,Sponsor,Athens,Public,645,"Statue Base for Kassianos, Hierokeryx",Base,Dedication,Before the Telestrion,236.0,10,0.0350,66,1,1,2,2,169,181,167,1,3,119,115,21,19,3,6,1,3,1,1,0,645,645,,
Boule,Sponsor,Athens,Public,654,"Statue Base for Aerarios Sosipatros, Daduch",Base,Dedication,,275.0,50,0.0350,66,1,1,2,2,169,181,167,1,3,79,77,16,15,3,1,3,3,1,3,0,654,654,,
Boule,,Athens,Public,655,Letter of the Emperor Gallienus to the Athenians Concerning the Mysteries,Base,Epistle,,265.0,0,0.0180,66,1,1,2,2,169,181,167,1,3,638,276,234,85,3,5,2,0,0,0,2,655,655,,
Boule,Officer,Athens,Public,433,"Statue Base for Ti. Kl., the Hierophant, Kallikratidou Trikorysios",Base,Dedication,,112.5,25,0.0250,66,1,1,2,2,169,181,167,1,3,0,0,1,1,3,12,0,0,0,0,0,689,689,,
Boule,Sponsor,Athens,Public,473,"Statue Base for Sergius Salvidius Orfitus, Dedicated by The Areopagus, Boule, and Demos",Base,Dedication,South Wall,155.0,10,0.0550,66,1,1,2,2,169,181,167,1,3,0,0,1,1,3,0,1,3,1,0,1,691,691,,
Boule,Sponsor,Athens,Public,473,"Statue Base for Calpurnia Lepida, Daughter of L., Wife of Scipio Orfitus, Dedicated by the Areopagus, Boule, and Demos",Base,Dedication,South Wall,155.0,10,0.0550,66,1,1,2,2,169,181,167,1,3,0,0,1,1,3,0,2,3,1,0,2,692,692,,
Boule,Sponsor,Athens,Public,473,"Statue Base for Sergius Calpurius Scipio Orfitus, Son of Scipio Orfitus, Dedicated by the Areopagus, Boule, and Demos",Base,Dedication,South Wall,155.0,10,0.0550,66,1,1,2,2,169,181,167,1,3,0,0,1,1,3,0,2,3,1,0,2,693,693,,
Boule,Sponsor,Athens,Public,473,"Statue Base for L. Calpurnius Scipio, son of Orfitus, Dedicated by the Areopagus, Boule, and Demos",Base,Dedication,South Wall,155.0,10,0.0550,66,1,1,2,2,169,181,167,1,3,0,0,1,1,3,0,2,3,1,0,2,694,694,,
Boule,Sponsor,Athens,Public,486,"Statue Base for the Savior Gods/Godesses of Brotherly Emperors, Dedicated by the Polis during the Epimelitea of Herodes",Base,Dedication,,171.0,10,0.0920,66,1,1,2,2,169,181,167,1,3,0,0,1,1,3,2,3,3,2,1,2,695,695,,
Boule,Sponsor,Athens,Public,486,"Statue Base for the Savior Gods/Godesses of the Brotherly Emperors, Dedicated By the Polis During the Epimelitea of Herodes",Base,Dedication,,171.0,10,0.0920,66,1,1,2,2,169,181,167,1,3,0,0,1,1,3,0,1,3,1,0,1,696,696,,
Boule,,Athens,Public,489,Decision of a Synhedrion,Base,Other/Uncertain,,169.5,1,,66,1,1,2,2,169,181,167,1,3,0,0,1,1,1,25,2,0,0,1,1,697,697,,
Boule,,Athens,Public,489,Declaration of the Prefect Severus Concerning an Endowment,Base,Other/Uncertain,,169.5,1,,66,1,1,2,2,169,181,167,1,3,0,0,1,1,1,0,0,0,0,0,0,698,698,,
Demos,Sponsor,Athens,Public,267,Statue Base for an Unknown Kanephoros,Base,Dedication,Outer Courtyard,-87.5,25,0.0080,88,5,21,20,24,190,204,144,157,50,266,121,77,33,2,5,2,2,1,2,0,267,267,,
Demos,,Athens,Public,271,Honorary Decree of the Synod of Dionysiac Artists in Honor of their Epimelete Philemon,Base,Decree,,-73.0,6,0.0070,88,5,21,20,24,190,204,144,157,50,2289,2083,519,438,4,5,1,1,1,1,0,271,271,,
Demos,Sponsor,Athens,Public,275,"Statue Base for Medeios Medeiou Peiraieus, Exegete of the Eumolpidai",Base,Dedication,North of the Telesterion,-60.0,10,0.0200,88,5,21,20,24,190,204,144,157,50,243,233,52,46,3,2,2,2,1,2,0,275,275,,
Demos,Sponsor,Athens,Public,276,Statue Base for Titus Pinarius,Base,Dedication,,-50.0,10,,88,5,21,20,24,190,204,144,157,50,40,39,10,10,1,0,1,1,1,0,1,276,276,,
Demos,Sponsor,Athens,Public,280,"Statue Base for Kleo, Daughter of Dionysios Lakrateidou Ikarieus",Base,Dedication,Between the Propylaea,-50.0,20,0.0250,88,5,21,20,24,190,204,144,157,50,50,49,10,10,1,0,1,1,1,1,0,280,280,,
Demos,Sponsor,Athens,Public,282,Statue Base for Unknown Hearth-Initiate,Stele,Dedication,Between the Propylaea,-50.0,20,0.0090,88,5,21,20,24,190,204,144,157,50,147,96,44,24,2,3,3,2,1,3,0,282,282,,
Demos,Sponsor,Athens,Public,285,Statue Base for an Unknown Daduch of Hagnous,Base,Dedication,,-40.0,20,0.0265,88,5,21,20,24,190,204,144,157,50,113,40,39,15,1,1,1,1,1,1,0,285,285,,
Demos,Sponsor,Athens,Public,286,Statue Base for Dionysios Athenagorou Meliteus,Base,Dedication,Between the Propylaea,-37.5,25,0.0170,88,5,21,20,24,190,204,144,157,50,74,72,19,18,1,0,1,1,1,1,0,286,286,,
Demos,Sponsor,Athens,Public,288,State Base for Hierophantis Amphiou Philadou,Base,Dedication,,-32.5,35,,88,5,21,20,24,190,204,144,157,50,74,57,17,13,1,1,1,1,1,1,0,288,288,,
Demos,Sponsor,Athens,Public,289,Statue Base for Lucius Munatius Plancus,Base,Dedication,South Wall,-36.0,10,0.0360,88,5,21,20,24,190,204,144,157,50,76,68,26,19,1,1,1,1,1,0,1,289,289,,
Demos,Sponsor,Athens,Public,292,Statue Base for Sempronia L.F. Atratina,Base,Dedication,,-39.5,11,0.0340,88,5,21,20,24,190,204,144,157,50,78,71,19,16,1,0,2,1,1,0,2,292,292,,
Demos,Sponsor,Athens,Public,295,"Statue Base for Kallikratides Syndromou Trikorysios, Hoplite General",Base,Dedication,South Wall,-32.5,5,0.0345,88,5,21,20,24,190,204,144,157,50,198,149,50,36,3,1,1,3,1,1,0,295,295,,
Demos,Sponsor,Athens,Public,298,"Statue Base for Theophrastos Themistokleous Hagnousios, Daduch",Base,Dedication,,-25.0,10,0.0220,88,5,21,20,24,190,204,144,157,50,140,46,36,13,1,1,1,1,1,1,0,298,298,,
Demos,Sponsor,Athens,Public,300,Honorary Decree for Themistokles Theophrastou Hagnousios,Base,Decree,,-25.0,10,0.0095,88,5,21,20,24,190,204,144,157,50,3533,3223,781,638,3,18,47,2,1,47,0,300,300,,
Demos,Sponsor,Athens,Public,302,"Statue Base for an Unknown Hearth-Initiate, son of Themistokles Hagnousios",Base,Dedication,Before the Telestrion,-13.0,24,0.0225,88,5,21,20,24,190,204,144,157,50,152,29,40,10,1,2,3,1,1,3,0,302,302,,
Demos,Sponsor,Athens,Public,305,Statue Base for Polyainos Nikandrou Sounieus,Base,Dedication,,-13.0,24,0.0270,88,5,21,20,24,190,204,144,157,50,73,52,25,13,2,0,1,2,1,1,0,305,305,,
Demos,Sponsor,Athens,Public,308,Statue Base for Diodotos Kalliphontos Pamotades,Base,Dedication,,-50.5,99,0.0210,88,5,21,20,24,190,204,144,157,50,36,35,8,8,1,0,1,1,1,1,0,308,308,,
Demos,Sponsor,Athens,Public,323,"Statue Base for Atheno Niketou Hagnousiou, Hearth-Initiate",Base,Dedication,,0.0,50,,88,5,21,20,24,190,204,144,157,50,126,125,30,30,3,1,1,3,1,1,0,323,323,,
Demos,Sponsor,Athens,Public,324,"Statue Base for Pammenes Pammenous Marathonios, Exegete of the Eumolpidai",Base,Dedication,Before the Telestrion,13.0,24,0.0300,88,5,21,20,24,190,204,144,157,50,158,67,53,25,4,1,1,4,1,1,0,324,324,,
Demos,Sponsor,Athens,Public,325,Statue Base for a Unknown Hierophantis,Base,Dedication,,13.0,24,,88,5,21,20,24,190,204,144,157,50,57,43,15,11,1,1,1,1,1,1,0,325,325,,
Demos,Sponsor,Athens,Public,326,Statue Base for Unknown,Base,Dedication,Outer Courtyard,13.0,24,0.0290,88,5,21,20,24,190,204,144,157,50,30,13,12,7,1,0,0,1,0,0,0,326,326,,
Demos,Sponsor,Athens,Public,327,Statue Base for Antamenes Leontichou Epieikides,Base,Dedication,Outer Courtyard,13.0,24,0.0280,88,5,21,20,24,190,204,144,157,50,59,57,15,14,2,0,1,2,1,1,0,327,327,,
Demos,Sponsor,Athens,Public,330,Statue Base for Polycharmos Polykritou Azenieus,Base,Dedication,,-6.5,41,0.0295,88,5,21,20,24,190,204,144,157,50,46,18,14,7,1,0,2,1,1,1,1,330,330,,
Demos,Sponsor,Athens,Public,334,Monument for Emperor Tiberius,Base,Dedication,,20.0,10,0.0450,88,5,21,20,24,190,204,144,157,50,225,129,52,29,3,2,3,3,1,2,1,334,334,,
Demos,Sponsor,Athens,Public,335,Monument for Iulia Augusta,Other/Fragment,Dedication,,25.0,10,0.0450,88,5,21,20,24,190,204,144,157,50,247,21,62,13,3,2,5,3,1,3,2,335,335,,
Demos,Sponsor,Athens,Public,340,Statue Base for Unknown,Base,Dedication,,37.5,25,0.0230,88,5,21,20,24,190,204,144,157,50,51,6,21,6,3,0,0,3,0,0,0,340,340,,
Demos,,Athens,Public,341,Epistyle of Building Dedicated by the Priestess Kleo Eukleous of Phyla,Base,Dedication,,45.0,40,0.0350,88,5,21,20,24,190,204,144,157,50,175,60,41,16,1,3,2,0,0,2,0,341,341,,
Demos,Sponsor,Athens,Public,345,Statue Base for Titus Statilius Lamprias,Base,Dedication,,43.0,10,,88,5,21,20,24,190,204,144,157,50,100,97,24,22,3,0,1,3,1,0,1,345,345,,
Demos,Sponsor,Athens,Public,348,Statue Base for Diokles Themistokleous Hagnousios,Base,Dedication,,50.0,20,0.0200,88,5,21,20,24,190,204,144,157,50,123,32,34,12,3,1,2,3,1,2,0,348,348,,
Demos,Sponsor,Athens,Public,349,"Statue Base for Athenais, Daughter of Diokles Hagnousios",Stele,Dedication,Before the Telestrion,50.0,20,,88,5,21,20,24,190,204,144,157,50,160,112,38,21,3,1,2,3,1,2,0,349,349,,
Demos,Sponsor,Athens,Public,351,"Statue Base for Seilon Apolloniou Meliteus, Hearth-Initiate",Base,Dedication,,50.0,20,0.0180,88,5,21,20,24,190,204,144,157,50,145,130,48,35,3,1,2,3,1,2,0,351,351,,
Demos,Sponsor,Athens,Public,352,"Statue Base for Caius Caecilius Kasios, Acharneus",Base,Dedication,Before the Telestrion,50.0,20,0.0300,88,5,21,20,24,190,204,144,157,50,99,76,27,20,3,0,1,3,1,0,1,352,352,,
Demos,Sponsor,Athens,Public,353,Statue Base for an Unknown Daughter of Statilius of Sphettos,Building or Monument,Dedication,,50.0,20,0.0250,88,5,21,20,24,190,204,144,157,50,125,59,46,21,3,0,1,3,1,0,1,353,353,,
Demos,,Athens,Public,360,Contract Concerning Iulius Nikanor,Building or Monument,Other/Uncertain,,60.0,20,0.0130,88,5,21,20,24,190,204,144,157,50,1224,437,336,131,2,0,1,0,0,0,0,360,360,,
Demos,Sponsor,Athens,Public,362,"Status Base for Iulius Nikanor, New Homer and New Themistokles",Base,Dedication,,60.0,10,0.0220,88,5,21,20,24,190,204,144,157,50,103,73,28,20,3,0,1,3,1,0,0,362,362,,
Demos,Sponsor,Athens,Public,381,Statue Base for a [-]ppos Herakleitou Gargettios,Base,Dedication,,50.5,99,0.0290,88,5,21,20,24,190,204,144,157,50,58,46,16,12,1,0,1,1,1,1,0,381,381,,
Demos,Sponsor,Athens,Public,383,Statue Base for a T. Flavius,Building or Monument,Dedication,,50.5,99,0.0130,88,5,21,20,24,190,204,144,157,50,56,32,21,10,3,0,1,3,1,1,0,383,383,,
Demos,Sponsor,Athens,Public,389,Son of Tryphon Phylasios,Building or Monument,Dedication,,50.5,99,0.0900,88,5,21,20,24,190,204,144,157,50,171,46,55,14,3,0,3,3,1,3,0,389,389,,
Demos,Sponsor,Athens,Public,396,Statue Base for an Unknown Hearth-Initiate,Base,Dedication,,100.5,199,0.0160,88,5,21,20,24,190,204,144,157,50,50,29,15,9,1,1,1,1,1,1,0,396,396,,
Demos,Sponsor,Athens,Public,402,Statue Base for an Unknown Individual,Base,Dedication,,100.5,199,0.0310,88,5,21,20,24,190,204,144,157,50,55,14,23,10,3,0,1,3,1,0,0,402,402,,
Demos,Sponsor,Athens,Public,410,Statue Base(?) For Unknown,Base,Dedication,,150.5,299,0.0680,88,5,21,20,24,190,204,144,157,50,39,6,17,8,2,0,0,2,0,0,0,410,410,,
Demos,Sponsor,Athens,Public,414,Statue Base for an Unknown Individual,Other/Fragment,Dedication,,150.5,299,0.0250,88,5,21,20,24,190,204,144,157,50,46,17,14,7,3,1,0,3,0,0,0,414,414,,
Demos,Sponsor,Athens,Public,421,Statue Base for an Unknown Individual,Altar,Dedication,,150.5,299,0.0260,88,5,21,20,24,190,204,144,157,50,22,9,11,6,1,0,0,1,0,0,0,421,421,,
Demos,,Athens,Public,426,Statue Base for an Unknown Individual,Base,Dedication,,150.5,299,0.0190,88,5,21,20,24,190,204,144,157,50,86,38,39,20,1,0,0,0,0,0,0,426,426,,
Demos,Sponsor,Athens,Public,440,Dedicatory Base in Honor of Ael. Lysistrate,Base,Dedication,,122.0,10,,88,5,21,20,24,190,204,144,157,50,83,48,33,18,3,1,2,3,1,2,0,440,440,,
Demos,Sponsor,Athens,Public,455,"Statue Base for L. Vipsanios Aiolion Phlyeus, Exegete of the Eumolpidai",Base,Dedication,,145.0,10,0.0260,88,5,21,20,24,190,204,144,157,50,378,101,124,31,4,6,3,3,3,3,0,455,455,,
Demos,Sponsor,Athens,Public,483,"Statue Base T. Fl. Hierophantes Paianieus, Son of T. Fl. Alkibiades",Base,Dedication,Before the Telestrion,167.0,10,0.0130,88,5,21,20,24,190,204,144,157,50,1196,996,273,202,4,12,9,3,1,8,1,483,483,,
Demos,Sponsor,Athens,Public,492,"Statue Base for Iul. Theodotos Meliteus, Son of Sophist Iul. Theodotos, Archon of the Kerykex",Altar,Dedication,Before the Telestrion,170.0,10,0.0290,88,5,21,20,24,190,204,144,157,50,255,244,51,47,4,6,5,3,1,5,0,492,492,,
Demos,Sponsor,Athens,Public,503,"Statue Base for L. Memmios, Altar-Priest, of Thorikos",Other/Fragment,Dedication,Before the Telestrion,178.5,3,0.0250,88,5,21,20,24,190,204,144,157,50,512,438,101,84,4,6,5,3,1,1,4,503,503,,
Demos,Sponsor,Athens,Public,517,Statue Base(?) for an Unknown Individual,Base,Dedication,,202.0,18,0.0290,88,5,21,20,24,190,204,144,157,50,55,5,16,6,1,0,1,1,1,0,1,517,517,,
Demos,Sponsor,Athens,Public,519,Statue Base for the Empress Iul. Domna,Base,Dedication,,196.5,3,,88,5,21,20,24,190,204,144,157,50,118,110,20,18,3,0,1,3,0,0,1,519,519,,
Demos,Sponsor,Athens,Public,522,"Statue Base for Nikostrate Menneou Berenikidou, Hearth-Initiate",Base,Dedication,,187.5,25,0.0220,88,5,21,20,24,190,204,144,157,50,169,160,40,33,2,1,2,2,1,2,0,522,522,,
Demos,Officer,Athens,Public,523,"Statue Base for Ael. Epilampsis, Daughter of Ael. Gelos of Phaleron, Priestess of Demeter and Kore",Other/Fragment,Dedication,Before the Telestrion,187.5,25,0.0160,88,5,21,20,24,190,204,144,157,50,880,812,170,146,2,10,11,1,1,11,0,523,523,,
Demos,Sponsor,Athens,Public,539,Statue Base for an Unknown Individual,Base,Dedication,,150.5,99,0.0300,88,5,21,20,24,190,204,144,157,50,73,28,27,11,3,1,0,3,0,0,0,539,539,,
Demos,Sponsor,Athens,Public,558,Statue Base for an Unknown Son or Daughter of a Nummios,Building or Monument,Dedication,,150.5,99,0.0205,88,5,21,20,24,190,204,144,157,50,67,9,26,7,3,0,1,3,1,1,0,558,558,,
Demos,Sponsor,Athens,Public,570,Statue Base for an Unknown Individual,Base,Dedication,,150.5,99,0.0210,88,5,21,20,24,190,204,144,157,50,22,10,10,8,3,0,0,3,0,0,0,570,570,,
Demos,Sponsor,Athens,Public,571,Statue Base for an Unknown Individual,Stele,Dedication,,150.5,99,0.0400,88,5,21,20,24,190,204,144,157,50,44,26,22,12,3,0,0,3,0,0,0,571,571,,
Demos,Sponsor,Athens,Public,572,Statue Base(?) for an Unknown Individual,Column/Herm,Dedication,,150.5,99,0.0340,88,5,21,20,24,190,204,144,157,50,28,5,16,5,2,0,0,2,0,0,0,572,572,,
Demos,Sponsor,Athens,Public,573,Statue Base for an Unknown Individual,Base,Dedication,,150.5,99,0.0200,88,5,21,20,24,190,204,144,157,50,51,38,22,16,3,0,0,3,0,0,0,573,573,,
Demos,Sponsor,Athens,Public,575,Statue Base(?) for an Unknown Individual,Base,Dedication,,150.5,99,0.0290,88,5,21,20,24,190,204,144,157,50,21,10,10,5,1,0,0,1,0,0,0,575,575,,
Demos,Sponsor,Athens,Public,588,"Statue Base for Sabeiniane Hamillo, Priestess of Athena Polias, Probably Not from the Sanctuary",Other/Fragment,Dedication,,250.5,99,0.0240,88,5,21,20,24,190,204,144,157,50,168,164,38,36,4,1,1,4,1,1,0,588,588,,
Demos,Sponsor,Athens,Public,601,Statue Base for Unknown Official,Base,Dedication,,250.5,99,0.0300,88,5,21,20,24,190,204,144,157,50,134,86,52,28,1,0,0,1,0,0,0,601,601,,
Demos,Sponsor,Athens,Public,604,Statue Base for an Unknown Individual,Base,Dedication,,250.5,99,,88,5,21,20,24,190,204,144,157,50,41,14,17,8,3,0,0,3,0,0,0,604,604,,
Demos,,Athens,Public,605,Statue Base for an Unknown Individual,Base,Dedication,,250.5,99,0.0360,88,5,21,20,24,190,204,144,157,50,21,8,10,6,1,0,0,0,0,0,0,605,605,,
Demos,Sponsor,Athens,Public,620,Statue Base(?) for an Unknown Individual,Base,Other/Uncertain,,250.5,99,0.0560,88,5,21,20,24,190,204,144,157,50,27,22,14,10,3,0,0,3,0,0,0,620,620,,
Demos,Sponsor,Athens,Public,626,"Statue Base for the Sophist P. Herennius Ptolemais, Son of P. Herennius, Hierokeryx",Base,Dedication,North of the Telesterion,313.0,24,0.0220,88,5,21,20,24,190,204,144,157,50,105,93,23,20,4,4,1,3,0,1,0,626,626,,
Demos,Sponsor,Athens,Public,630,Statue Base for Ful. Plautianos,Base,Dedication,Before the Telestrion,204.0,2,0.0200,88,5,21,20,24,190,204,144,157,50,206,124,51,30,3,4,4,3,1,1,3,630,630,,
Demos,Sponsor,Athens,Public,632,"Statue Base for Kl. Menandra, Daughter of the Daduch Kl. Philippos",Base,Dedication,Before the Telestrion,210.0,10,0.0350,88,5,21,20,24,190,204,144,157,50,173,162,45,41,3,1,5,3,1,5,0,632,632,,
Demos,Sponsor,Athens,Public,638,Decree of the Athenians Concerning the Transport of the Sacred Objects,Base,Decree,South Wall,220.0,10,0.0180,88,5,21,20,24,190,204,144,157,50,1749,1355,465,326,5,6,3,3,0,3,0,638,638,,
Demos,Sponsor,Athens,Public,645,"Statue Base for Kassianos, Hierokeryx",Base,Dedication,Before the Telestrion,236.0,10,0.0350,88,5,21,20,24,190,204,144,157,50,119,115,21,19,3,6,1,3,1,1,0,645,645,,
Demos,Sponsor,Athens,Public,654,"Statue Base for Aerarios Sosipatros, Daduch",Base,Dedication,,275.0,50,0.0350,88,5,21,20,24,190,204,144,157,50,79,77,16,15,3,1,3,3,1,3,0,654,654,,
Demos,,Athens,Public,655,Letter of the Emperor Gallienus to the Athenians Concerning the Mysteries,Base,Epistle,,265.0,0,0.0180,88,5,21,20,24,190,204,144,157,50,638,276,234,85,3,5,2,0,0,0,2,655,655,,
Demos,Sponsor,Athens,Public,660,Statue Base for the Emperors Diocletian and Maximianus,Base,Dedication,,295.5,19,0.0380,88,5,21,20,24,190,204,144,157,50,129,15,32,10,1,1,2,1,1,0,2,660,660,,
Demos,Sponsor,Athens,Public,291,"Statue Base for Lysiades Phaidrou Berenikides, Dedicated by the Demos",Base,Dedication,,-40.0,10,0.0155,88,5,21,20,24,190,204,144,157,50,19,17,7,7,1,0,2,1,1,2,0,677,677,,
Demos,Sponsor,Athens,Public,291,"Statue Base for Khrysothemis Phaidrou Berenikides, Dedicated by the Demos",Base,Dedication,,-40.0,10,0.0155,88,5,21,20,24,190,204,144,157,50,9,8,4,4,1,0,2,1,1,2,0,678,678,,
Demos,Sponsor,Athens,Public,301,"Statue Base for the Daduch Theophrastos, son of the Daduch Themistokles of Hagnousios, Dedicated by the Demos",Base,Dedication,,-20.0,10,0.0235,88,5,21,20,24,190,204,144,157,50,9,8,4,4,1,1,2,1,1,2,0,679,679,,
Demos,Sponsor,Athens,Public,301,"Statue Base for the Daduch Themistokles, Son of the Daduch Themistokles, Dedicated by the Demos",Base,Dedication,,-20.0,10,0.0235,88,5,21,20,24,190,204,144,157,50,37,36,10,10,1,1,2,1,1,2,0,680,680,,
Demos,Sponsor,Athens,Public,301,"Statue Base Sophokles, Son of Theophrastos, of Hagnous",Base,Dedication,,-20.0,10,0.0235,88,5,21,20,24,190,204,144,157,50,38,37,6,6,1,0,2,1,1,2,0,681,681,,
Demos,Sponsor,Athens,Public,347,"Statue Base for P. Papinus Statius, Dedicated by the Areopagus",Base,Dedication,,50.0,50,0.0215,88,5,21,20,24,190,204,144,157,50,85,68,29,17,2,0,1,2,1,0,1,682,682,,
Demos,Officer,Athens,Public,433,"Statue Base for Ti. Kl., the Hierophant, Kallikratidou Trikorysios",Base,Dedication,,112.5,25,0.0250,88,5,21,20,24,190,204,144,157,50,0,0,1,1,3,12,0,0,0,0,0,689,689,,
Demos,Sponsor,Athens,Public,473,"Statue Base for Sergius Salvidius Orfitus, Dedicated by The Areopagus, Boule, and Demos",Base,Dedication,South Wall,155.0,10,0.0550,88,5,21,20,24,190,204,144,157,50,0,0,1,1,3,0,1,3,1,0,1,691,691,,
Demos,Sponsor,Athens,Public,473,"Statue Base for Calpurnia Lepida, Daughter of L., Wife of Scipio Orfitus, Dedicated by the Areopagus, Boule, and Demos",Base,Dedication,South Wall,155.0,10,0.0550,88,5,21,20,24,190,204,144,157,50,0,0,1,1,3,0,2,3,1,0,2,692,692,,
Demos,Sponsor,Athens,Public,473,"Statue Base for Sergius Calpurius Scipio Orfitus, Son of Scipio Orfitus, Dedicated by the Areopagus, Boule, and Demos",Base,Dedication,South Wall,155.0,10,0.0550,88,5,21,20,24,190,204,144,157,50,0,0,1,1,3,0,2,3,1,0,2,693,693,,
Demos,Sponsor,Athens,Public,473,"Statue Base for L. Calpurnius Scipio, son of Orfitus, Dedicated by the Areopagus, Boule, and Demos",Base,Dedication,South Wall,155.0,10,0.0550,88,5,21,20,24,190,204,144,157,50,0,0,1,1,3,0,2,3,1,0,2,694,694,,
Demos,Sponsor,Athens,Public,486,"Statue Base for the Savior Gods/Godesses of Brotherly Emperors, Dedicated by the Polis during the Epimelitea of Herodes",Base,Dedication,,171.0,10,0.0920,88,5,21,20,24,190,204,144,157,50,0,0,1,1,3,2,3,3,2,1,2,695,695,,
Demos,Sponsor,Athens,Public,486,"Statue Base for the Savior Gods/Godesses of the Brotherly Emperors, Dedicated By the Polis During the Epimelitea of Herodes",Base,Dedication,,171.0,10,0.0920,88,5,21,20,24,190,204,144,157,50,0,0,1,1,3,0,1,3,1,0,1,696,696,,
Demos,Sponsor,Athens,Public,296,"Livia Drousilla, Wife of the Emperor Augustus Caesar",Building or Monument,Dedication,,-26.0,10,0.0400,88,5,21,20,24,190,204,144,157,50,0,0,1,1,1,1,1,1,1,0,1,703,703,,
Demos,Sponsor,Athens,Public,296,"Statue Base for the Emperor Augustus Caesar, Son of the Divine Iulius, Dedicated by the Demos",Building or Monument,Dedication,,-26.0,10,0.0400,88,5,21,20,24,190,204,144,157,50,0,0,1,1,1,0,1,1,1,0,1,704,704,,
Tribe of Antiochis,Sponsor,Athens,Public,514,Catalog of the Prytaneis of the Tribe of Antiokhis,Stele,Other/Uncertain,South Wall,191.0,10,0.0110,1,0,0,0,0,40,2,7,0,0,951,605,217,115,2,7,40,1,0,39,1,514,514,,
Dionysiac Technitai,Sponsor,Athens,Private,271,Honorary Decree of the Synod of Dionysiac Artists in Honor of their Epimelete Philemon,Base,Decree,,-73.0,6,0.0070,1,2,2,2,8,1,4,5,13,8,2289,2083,519,438,4,5,1,1,1,1,0,271,271,,
Sophiai,Sponsor,Other,Private,470,"Statue Base for Klementiane, Daughter of Arrian",Base,Dedication,,175.0,50,0.0160,2,0,0,0,0,8,3,7,0,0,132,131,24,24,1,2,2,1,1,2,0,470,470,,
Sophiai,,Other,Private,502,"Statue Base for Isidote, Daughter of Isaios, Hierophantes",Base,Dedication,Before the Telestrion,184.0,16,0.0200,2,0,0,0,0,8,3,7,0,0,665,653,128,120,2,5,6,0,1,3,3,502,502,,
Philoi,Sponsor,Other,Private,589,Base Dedicated by Philoi,Base,Other/Uncertain,Outer Courtyard,250.5,99,0.0155,1,0,0,0,0,3,1,0,0,0,26,22,12,11,1,0,3,1,0,3,0,589,589,,
Xenoi,,Other,Private,511,"Statue Base for Praxagora, Daughter of Demostratos of Melite, Hearth-Initiate",Base,Dedication,Before the Telestrion,182.5,5,0.0240,1,0,0,0,0,3,1,2,0,0,209,203,51,48,1,2,3,0,1,3,0,511,511,,
Samian Haloa,,Samos,Public,435,"Statue Base for an Unknown Individual, Dedicated by the Eumolpidai, Lykomidai",Base,Dedication,Before the Telestrion,125.0,40,0.0200,1,0,0,0,0,2,3,1,0,0,173,132,52,31,3,1,2,2,1,2,0,435,435,,
Boule of Korinth,Sponsor,Corinth,Public,438,"Statue Base for Ti. Kl. Attikos Herodes Kl. Attikou Marathonios, 'Son of Hellas'",Base,Dedication,,115.0,10,0.0150,1,0,0,0,0,4,1,1,0,0,152,142,34,29,1,1,4,2,2,3,1,438,438,,
Samian Demos,Sponsor,Samos,Public,457,Base Dedicated by the Samians,Base,Dedication,,145.0,10,0.0320,1,2,2,2,2,0,2,0,4,4,56,40,17,14,2,0,0,2,0,0,0,457,457,,
Areopagus of Ephesus,,Ephesus,Public,463,Statue Base for Menandra of Ephesos,Base,Dedication,,150.0,50,0.0170,1,0,0,0,0,4,2,23,0,0,675,471,153,90,2,23,4,0,1,4,0,463,463,,
Panhellenes,Sponsor,Other,Public,448,"Dedicatory Inscriptions on Two Triumphal Arches, Dedicated by the Panhellenes to the Two Goddesses and the Emperor",Base,Dedication,Outer Courtyard,136.5,3,0.1750,8,1,3,3,3,48,11,17,39,5,156,49,56,16,1,1,1,1,0,0,1,448,448,,
Panhellenes,,Other,Public,453,Statue Base for the Deified Hadrian Panhellenios,Base,Dedication,Outer Courtyard,160.0,44,0.1100,8,1,3,3,3,48,11,17,39,5,24,20,6,5,1,1,1,0,1,0,1,453,453,,
Panhellenes,Sponsor,Other,Public,491,"Statue Base for Fl. Xenion of Marathon, Archon of the Panhellenes",Altar,Dedication,,170.0,10,0.0140,8,1,3,3,3,48,11,17,39,5,97,67,36,19,2,2,1,1,1,1,0,491,491,,
Panhellenes,Officer,Other,Public,491,"Statue Base for Fl. Xenion of Marathon, Archon of the Panhellenes",Altar,Dedication,,170.0,10,0.0140,8,1,3,3,3,48,11,17,39,5,97,67,36,19,2,2,1,1,1,1,0,491,491,,
Panhellenes,Member,Other,Public,495,Statue Base for M. Aurelius,Base,Dedication,Before the Telestrion,173.5,3,0.0370,8,1,3,3,3,48,11,17,39,5,131,115,26,23,1,2,2,1,1,1,1,495,495,,
Panhellenes,Officer,Other,Public,504,Dedicatory Base for the Aparkhe,Base,Dedication,North of the Telesterion,183.0,12,0.0280,8,1,3,3,3,48,11,17,39,5,74,72,19,18,1,1,1,0,0,1,0,504,504,,
Panhellenes,Officer,Other,Public,514,Catalog of the Prytaneis of the Tribe of Antiokhis,Stele,Other/Uncertain,South Wall,191.0,10,0.0110,8,1,3,3,3,48,11,17,39,5,951,605,217,115,2,7,40,1,0,39,1,514,514,,
Panhellenes,Sponsor,Other,Public,532,Dedicatory Base for the Aparkhe,Base,Dedication,Outer Courtyard,150.5,99,0.0360,8,1,3,3,3,48,11,17,39,5,64,35,15,9,1,1,1,1,0,1,0,532,532,,
Sacred Gerousia,,Other,Public,503,"Statue Base for L. Memmios, Altar-Priest, of Thorikos",Other/Fragment,Dedication,Before the Telestrion,178.5,3,0.0250,2,1,1,1,1,7,6,9,1,2,512,438,101,84,4,6,5,3,1,1,4,503,503,,
Sacred Gerousia,Sponsor,Other,Public,624,Statue Base for a M. Aur. Prosdektos Pistokratous Kephalethen,Base,Dedication,Before the Telestrion,200.0,10,0.0210,2,1,1,1,1,7,6,9,1,2,237,228,42,39,2,3,2,1,1,2,0,624,624,,
Ephebes,,Athens,Public,638,Decree of the Athenians Concerning the Transport of the Sacred Objects,Base,Decree,South Wall,220.0,10,0.0180,1,0,0,0,0,3,5,6,0,0,1749,1355,465,326,5,6,3,3,0,3,0,638,638,,
Eumolpidai,,Eleusis,Genos,275,"Statue Base for Medeios Medeiou Peiraieus, Exegete of the Eumolpidai",Base,Dedication,North of the Telesterion,-60.0,10,0.0200,24,3,35,23,28,45,44,53,94,46,243,233,52,46,3,2,2,2,1,2,0,275,275,,
Eumolpidai,Sponsor,Eleusis,Genos,324,"Statue Base for Pammenes Pammenous Marathonios, Exegete of the Eumolpidai",Base,Dedication,Before the Telestrion,13.0,24,0.0300,24,3,35,23,28,45,44,53,94,46,158,67,53,25,4,1,1,4,1,1,0,324,324,,
Eumolpidai,,Eleusis,Genos,336,Statue Base for a Priest of Tiberius and Exegete of the Eumolpidai,Base,Dedication,,25.0,10,0.0240,24,3,35,23,28,45,44,53,94,46,119,49,38,22,1,1,1,0,0,0,1,336,336,,
Eumolpidai,,Eleusis,Genos,337,Statue Base for an Unknown Exegete,Base,Dedication,,25.0,10,0.0290,24,3,35,23,28,45,44,53,94,46,38,11,11,5,1,1,1,0,0,0,1,337,337,,
Eumolpidai,,Eleusis,Genos,350,Statue Base for Marcus Porcius Cato,Base,Dedication,,50.0,20,0.0300,24,3,35,23,28,45,44,53,94,46,29,14,8,4,1,1,1,0,1,0,1,350,350,,
Eumolpidai,,Eleusis,Genos,359,Statue Base for an Exegete,Base,Dedication,,75.0,50,0.0240,24,3,35,23,28,45,44,53,94,46,51,12,14,7,1,1,1,0,1,1,0,359,359,,
Eumolpidai,Sponsor,Eleusis,Genos,435,"Statue Base for an Unknown Individual, Dedicated by the Eumolpidai, Lykomidai",Base,Dedication,Before the Telestrion,125.0,40,0.0200,24,3,35,23,28,45,44,53,94,46,173,132,52,31,3,1,2,2,1,2,0,435,435,,
Eumolpidai,,Eleusis,Genos,455,"Statue Base for L. Vipsanios Aiolion Phlyeus, Exegete of the Eumolpidai",Base,Dedication,,145.0,10,0.0260,24,3,35,23,28,45,44,53,94,46,378,101,124,31,4,6,3,3,3,3,0,455,455,,
Eumolpidai,,Eleusis,Genos,456,"Statue Base for Relative of L. Vipsanios Aiolion, Exegete of the Eumolpidai",Base,Dedication,,145.0,10,0.0315,24,3,35,23,28,45,44,53,94,46,42,14,14,7,1,1,3,0,1,3,0,456,456,,
Eumolpidai,,Eleusis,Genos,483,"Statue Base T. Fl. Hierophantes Paianieus, Son of T. Fl. Alkibiades",Base,Dedication,Before the Telestrion,167.0,10,0.0130,24,3,35,23,28,45,44,53,94,46,1196,996,273,202,4,12,9,3,1,8,1,483,483,,
Eumolpidai,Sponsor,Eleusis,Genos,490,"Statue Base for M. Iul. Apellas Marathonios, Archon of the Eumolpidai",Altar,Dedication,Before the Telestrion,170.0,10,0.0280,24,3,35,23,28,45,44,53,94,46,187,150,45,31,2,1,4,2,1,4,0,490,490,,
Eumolpidai,,Eleusis,Genos,513,Letter by the Emperor Commodus to the Athenians Concern the Archonship of the Eumolpidai,Base,Epistle,,186.5,7,0.0180,24,3,35,23,28,45,44,53,94,46,523,441,130,107,1,3,1,0,0,0,1,513,513,,
Eumolpidai,Officer,Eleusis,Genos,515,"Statue Base for the Hierophant who Saved the Hiera During the Kostoboki Invasion, Probably Not from the Sanctuary",Base,Dedication,,196.0,10,0.0420,24,3,35,23,28,45,44,53,94,46,239,233,50,46,1,1,1,0,0,1,0,515,515,,
Eumolpidai,Officer,Eleusis,Genos,516,Statue Base for the Hierophant who Saved the Hiera During the Invasion of the Kostoboki.,Column/Herm,Dedication,North of the Telesterion,196.0,10,0.0265,24,3,35,23,28,45,44,53,94,46,289,235,68,54,1,1,1,0,0,1,0,516,516,,
Eumolpidai,Officer,Eleusis,Genos,531,Statue Base for an Unknown Exegete of the Eumolpidai,Base,Dedication,Before the Telestrion,150.5,99,0.0195,24,3,35,23,28,45,44,53,94,46,172,117,51,30,1,4,2,0,1,2,0,531,531,,
Eumolpidai,Officer,Eleusis,Genos,544,Statue Base for an Unknown Exegete,Base,Dedication,,150.5,99,0.0345,24,3,35,23,28,45,44,53,94,46,64,8,17,7,2,2,1,0,1,1,0,544,544,,
Eumolpidai,Officer,Eleusis,Genos,545,Statue Base for an Unknown Exegete of the Eumolpidai,Base,Dedication,,150.5,99,0.0330,24,3,35,23,28,45,44,53,94,46,50,15,18,10,1,2,1,0,1,1,0,545,545,,
Eumolpidai,Officer,Eleusis,Genos,550,Statue Base for an Unknown Exegete(?) of the Eumolpidai,Base,Dedication,,150.5,99,0.0500,24,3,35,23,28,45,44,53,94,46,18,4,5,3,1,1,0,0,0,0,0,550,550,,
Eumolpidai,,Eleusis,Genos,615,Statue Base(?) for an Unknown Individual,Building or Monument,Dedication,,250.5,99,0.0200,24,3,35,23,28,45,44,53,94,46,17,7,6,5,1,0,0,0,0,0,0,615,615,,
Eumolpidai,Officer,Eleusis,Genos,623,"Statue Base for a Sekoundos, Eumolpid",Base,Dedication,,200.0,10,,24,3,35,23,28,45,44,53,94,46,79,62,22,15,2,1,2,1,1,1,1,623,623,,
Eumolpidai,Member,Eleusis,Genos,625,"Statue Base for M. Gavius Gallicanus, Proconsul Asiae, Eumolpid",Base,Dedication,Upper Terrace,200.0,10,0.0525,24,3,35,23,28,45,44,53,94,46,109,41,35,16,1,2,3,0,1,0,3,625,625,,
Eumolpidai,,Eleusis,Genos,638,Decree of the Athenians Concerning the Transport of the Sacred Objects,Base,Decree,South Wall,220.0,10,0.0180,24,3,35,23,28,45,44,53,94,46,1749,1355,465,326,5,6,3,3,0,3,0,638,638,,
Eumolpidai,,Eleusis,Genos,661,Statue Base for an Unknown Proconsul,Base,Dedication,Before the Telestrion,250.0,100,0.0180,24,3,35,23,28,45,44,53,94,46,199,119,56,30,1,1,1,0,1,0,1,661,661,,
Eumolpidai,Officer,Eleusis,Genos,663,Statue Base for an Unknown Exegete of the Eumolpidai(?),Base,Dedication,,250.0,100,0.0475,24,3,35,23,28,45,44,53,94,46,36,8,10,4,1,1,1,0,1,1,0,663,663,,
Kerykes,,Eleusis,Genos,300,Honorary Decree for Themistokles Theophrastou Hagnousios,Base,Decree,,-25.0,10,0.0095,7,18,64,72,100,67,17,42,391,197,3533,3223,781,638,3,18,47,2,1,47,0,300,300,,
Kerykes,,Eleusis,Genos,492,"Statue Base for Iul. Theodotos Meliteus, Son of Sophist Iul. Theodotos, Archon of the Kerykex",Altar,Dedication,Before the Telestrion,170.0,10,0.0290,7,18,64,72,100,67,17,42,391,197,255,244,51,47,4,6,5,3,1,5,0,492,492,,
Kerykes,Officer,Eleusis,Genos,520,"Statue Base for Kl. Themistokleia, Daughter of the Daduch Kl. Philippos, Hearth-Initiate",Base,Dedication,,187.5,25,0.0300,7,18,64,72,100,67,17,42,391,197,120,93,28,19,2,3,3,0,1,3,0,520,520,,
Kerykes,Officer,Eleusis,Genos,520,"Statue Base for Kl. Themistokleia, Daughter of the Daduch Kl. Philippos, Hearth-Initiate",Base,Dedication,,187.5,25,0.0300,7,18,64,72,100,67,17,42,391,197,120,93,28,19,2,3,3,0,1,3,0,520,520,,
Kerykes,Sponsor,Eleusis,Genos,551,Large Monument in Honor of an Unknown Hearth-Initiate,Base,Dedication,,150.5,99,0.0430,7,18,64,72,100,67,17,42,391,197,86,45,37,20,2,1,1,1,1,1,0,551,551,,
Kerykes,,Eleusis,Genos,621,"P. Ael. Herennia, Daughter of P. Ael. Apollonios, Hearth Initiate",Base,Dedication,,200.0,50,0.0160,7,18,64,72,100,67,17,42,391,197,377,335,81,66,2,8,6,2,1,6,0,621,621,,
Kerykes,Officer,Eleusis,Genos,624,Statue Base for a M. Aur. Prosdektos Pistokratous Kephalethen,Base,Dedication,Before the Telestrion,200.0,10,0.0210,7,18,64,72,100,67,17,42,391,197,237,228,42,39,2,3,2,1,1,2,0,624,624,,
Lykomidai,Sponsor,Athens,Genos,435,"Statue Base for an Unknown Individual, Dedicated by the Eumolpidai, Lykomidai",Base,Dedication,Before the Telestrion,125.0,40,0.0200,1,0,0,0,0,2,3,1,0,0,173,132,52,31,3,1,2,2,1,2,0,435,435,,
Philleidai,,Eleusis,Genos,379,"Statue Base for an Unknown Individual, Dedicated by a Priestess",Stele,Dedication,,50.5,99,0.0140,1,2,49,27,50,1,1,2,67,27,124,44,31,13,1,2,1,0,0,1,0,379,379,,
Bouzygai,,Athens,Genos,443,Statue Base for a Son of Heroxenos of Marathon,Base,Dedication,,137.5,25,0.0220,1,1,1,1,1,2,1,3,1,1,113,58,31,15,1,3,2,1,1,2,0,443,443,,
Praxiergidai,Sponsor,Athens,Genos,588,"Statue Base for Sabeiniane Hamillo, Priestess of Athena Polias, Probably Not from the Sanctuary",Other/Fragment,Dedication,,250.5,99,0.0240,1,0,0,0,0,1,4,1,0,0,168,164,38,36,4,1,1,4,1,1,0,588,588,,
Eteoboutadai,Member,Athens,Genos,465,"Statue Base for Phirmos Gargettios, Hierophant",Base,Dedication,Outer Courtyard,150.0,50,0.0180,1,2,3,1,1,1,1,1,3,2,72,63,19,15,1,1,1,0,1,1,0,465,465,,
Samian Boule,Sponsor,Samos,Public,457,Base Dedicated by the Samians,Base,Dedication,,145.0,10,0.0320,1,0,0,0,0,0,2,0,0,0,56,40,17,14,2,0,0,2,0,0,0,457,457,,
