Person: Description,Person: Origin,Person: Gender,Person: Name(s),Person: Deme,Person: Athenian Citizen,Person: Roman Citizen,Person: Family,Person: Extended Family,Person: Total Appearances,Person: Total Sponsors,Person: Total Honorands,Person: Total Institutional Affililiations,Person: Total Honors,Person: Total Athenian Honors,Person: Total Roman Honors,Person: Total Eleusinian Honors,Person: RCA,Person: PA,Person: PAA,Person: LGPN,Person: Uncertain,Person: ID,Person: Notes
UNC Kanephoros,Athens,Male,,,True,False,,,1,2,0,0,4,4,0,0,,,,,True,2000,
Ameinokleia Philanthou,Athens,Female,Ameinokleia Philanthou,Phyle,True,False,,,2,4,0,1,2,0,0,2,,,,,False,2001,
Theophilos,Athens,Male,Theophilos Diodorou,Halai Aixonides,True,False,,,1,0,1,0,0,0,0,0,,,,,False,2002,
Philanthes,Athens,Male,Philanthes Diodorou,Halai Aixonides,True,False,,,1,0,1,0,0,0,0,0,,,,,False,2003,
Diopeithes,Athens,Male,Diopeithes Diodorou,Halai Aixonides,True,False,,,1,0,1,0,0,0,0,0,,,,,False,2004,
Eurydike,Athens,Female,Eurydike Diodorou,Halai Aixonides,True,False,,,1,0,1,0,0,0,0,0,,,,,False,2005,
[?] Heath-Initiate,Athens,Uncertain,,,True,False,,,1,2,0,0,1,0,0,1,,,,,True,2006,
[?] Father,Athens,Male,,,True,False,,,1,0,1,0,0,0,0,0,,,,,True,2007,
[?] Mother,Athens,Female,,,True,False,,,1,0,1,0,0,0,0,0,,,,,True,2008,
Dionysios Dionysiou,Athens,Male,Dionysios Dionysiou,Sphettos,True,False,,,1,0,1,0,0,0,0,0,,,,,False,2009,
Epiphaneia Hermolykou,Athens,Female,Epiphaneia Hermolykou,Marathon,True,False,Athenagoridai,,1,0,1,0,0,0,0,0,,,,,False,2010,
Epiphaneia II Athenagorou,Athens,Female,Epiphaneia Athenagorou,Melite,True,False,Athenagoridai,,1,2,0,0,1,0,0,1,,,,,False,2011,
Philemon,Athens,Male,Philemon,,True,False,,,1,1,0,2,5,5,0,0,,,,,False,2012,
Eusebeia Ariobarzanou,Cappadocia,Female,Eusebeia,,False,False,Ariobarzanid,,1,0,0,0,0,0,0,0,,,,,False,2013,
Ariobarzanes II Ariobarzanou I,Cappadocia,Male,Aribarzanes,,False,False,Ariobarzanid,,3,0,0,0,0,0,0,0,,,,,False,2014,
Athenais II Ariobazanou I,Cappadocia,Female,Athenais,,False,False,Ariobarzanid,,3,0,0,0,0,0,0,0,,,,,False,2015,
Ariobarzanes I Philoromaios,Cappadocia,Male,Ariobarzanes,,False,False,Ariobarzanid,,4,0,0,0,4,0,0,0,,,,,False,2016,
Athenais I Philostorgos,Cappadocia,Female,Athenais,,False,False,Ariobarzanid,,4,0,0,0,4,0,0,0,,,,,False,2017,
Athenais III Ariobarzanou II,Cappadocia,Female,Athenais,,False,False,Ariobarzanid,,1,0,0,0,0,0,0,0,,,,,False,2018,
Medeios Medeiou,Athens,Male,Medeios Medeiou,Peiraieus,True,False,Medeiotes,,2,2,1,1,1,0,0,1,,10099,,,False,2019,
Diphila Diokleous,Athens,Female,Diphila Diokleous,Melite,True,False,Medeiotes,,1,0,1,0,0,0,0,0,,,,,False,2020,
Timothea Medeiou,Athens,Female,Timothea Medeiou,Peiraieus,True,False,Medeiotes,,1,2,0,0,1,0,0,1,,,,,False,2021,
[?] Tamias,Athens,Male,,,True,False,,,1,1,0,1,1,1,0,0,,,,,False,2022,
T. Pinarius,Rome,Male,Titus Pinarius,,False,True,,,1,1,0,0,0,0,0,0,,,,,False,2023,
Ktesikleia Apollonioiu,Athens,Female,Ktesikleia Apolloniou,,True,False,Hagnous/Acharnai Daduchs,,2,0,1,0,0,0,0,0,,,,,False,2024,
Sophokles Xenokleous,Athens,Male,Sophokles Xenokleous,Akharnai,True,False,Hagnous/Acharnai Daduchs,,3,1,0,1,3,0,0,3,,,,,False,2025,
Kleokrateia Oinophilou,Athens,Female,Kleokrateia Oinophilou,Aphidnai,True,False,Oinophilids,,4,0,0,1,3,0,0,3,,,,,False,2026,
Kleo Dionysiou,Athens,Female,Kleo Dionysiou,Ikarion,True,False,,,1,1,0,0,0,0,0,0,,,,,False,2027,
Khairion Dionysiou,Athens,Male,Khairion Dionysiou,Marathon,True,False,,,1,0,0,1,1,0,0,1,,,,,False,2028,
[?] Heath-Initiate,Athens,Uncertain,,,True,False,,,1,2,0,0,1,0,0,1,,,,,False,2029,
[?] Heath-Initiate,Athens,Uncertain,,,True,False,,,1,1,0,0,2,2,0,0,,,,,False,2030,
[?] Priestess of Demeter & Kore,Athens,Female,,,True,False,,,1,0,0,1,1,0,0,1,,,,,False,2031,
[?] Daduch from Hagnous,Athens,Male,,Hagnous,True,False,Hagnous/Acharnai Daduchs,,1,1,0,1,1,0,0,1,,,,,False,2032,
Dionysios Athenagorou,Athens,Male,Dionysios Athenagorou,Melite,True,False,Athenagoridai,,1,1,0,0,0,0,0,0,,,,,False,2033,
Quintus Pompeius Auli,Rome,Male,Quintus Pompeius Auli,,False,True,,,1,0,0,0,0,0,0,0,,,,,False,2034,
Aulus Pompeius Auli,Rome,Male,Aulus Pompeius Auli,,False,True,,,1,0,0,0,0,0,0,0,,,,,False,2035,
Sextus Pompeius Auli,Rome,Male,Sextus Pompeius Auli,,False,True,,,1,0,0,0,0,0,0,0,,,,,False,2036,
[?] Hierophantis Amphiou,Athens,Female,Amphiou,,True,False,,,1,1,0,1,1,0,0,1,,,,,False,2037,
L. Munatius Plancus,Rome,Male,Lucius Munatius Plancus,,False,True,,,1,1,0,0,1,0,1,0,,,,,False,2038,
Ap. Claudius Pulcher,Rome,Male,Appius Claudius Pulcher,,False,True,,,1,0,0,0,2,0,2,0,,,,,False,2039,
Pulcher Claudius,Rome,Male,Pulcher Claudius,,False,True,,,1,0,0,0,0,0,0,0,,,,,False,2040,
Rex Marcius,Rome,Male,Rex Marcius,,False,True,,,1,0,0,0,0,0,0,0,,,,,False,2041,
Khrysothemis Phaidrou,Athens,Female,Khrysothemis Phaidrou,Berenikidai,True,False,Phaidrid,,3,1,2,0,0,0,0,0,,,,,False,2042,"She forms a marriage line with a Leonides of Melite, an ancestor of Leonid Claudii"
Phaidros Lysiadou,Athens,Male,Phaidros Lysiadou,Berenikidai,True,False,Phaidrid,,4,1,0,0,0,0,0,0,,,,,False,2043,
Pomponianus Atticus,Rome,Male,Quintus Pomponianus Atticus,,False,True,,,1,1,0,0,0,0,0,0,,,,,False,2044,
Lysiades Phaidrou,Athens,Female,Lysiades Phaidrou,Berenikidai,True,False,Phaidrid,,1,1,0,0,1,1,0,0,,,,,False,2045,
Sempronia,Rome,Female,Sempronia Lucii,,False,True,,,1,1,0,0,0,0,0,0,,,,,False,2046,
L. Gellius Publicola,Rome,Male,Lucius Gellius Publicola,,False,True,,,1,0,0,0,0,0,0,0,,,,,False,2047,
G. Creperius,Rome,Male,Gaius Creperius,,False,True,,,1,0,0,0,0,0,0,0,,,,,False,2048,
M. Titius,Rome,Male,Marcus Titius,,False,True,,,1,0,0,0,0,0,0,0,,,,,False,2049,
Kallikratides Syndromou,Athens,Male,Kallikratides Syndromou,,True,False,Oinophilids,,2,3,1,5,4,3,1,0,,,,,False,2050,"Adopted Oinophilos of Trikorynthos, eventually leading to Tiberius Claudius Oinophilos (Hierophant)"
Livia Drusilla,Rome,Female,Livia Drusilla,,False,True,Julio-Claudian,,1,1,0,0,0,0,0,0,,,,,False,2051,
Augustus,Rome,Male,Imperator Caesar Augustus,,False,True,Julio-Claudian,,2,2,0,0,2,0,2,0,,,,,False,2052,
Theophrastos Themistokleous,Athens,Male,Theophrastos Themistokleous,Hagnous,True,False,Hagnous/Acharnai Daduchs,,6,1,0,1,4,0,0,4,,,,,False,2054,
Lamidion Apolexidos,Athens,Male,Lamidion Apolexidos,Oion,True,False,,,1,2,0,0,1,0,0,1,,,,,False,2055,
Apolexis I,Athens,Male,Apolexis,Oion,True,False,,,1,0,1,1,1,1,0,0,,,,,False,2056,
Ladameia Lysandrou,Athens,Female,Ladameia Lysandrou,Peiraieus,True,False,,,1,0,1,0,0,0,0,0,,,,,False,2057,
Apolexis II,Athens,Male,Apolexis Apolexidos,Oion,True,False,,,1,0,0,0,0,0,0,0,,,,,False,2058,
Metrophanes Dionysiou,Athens,Male,Metrophanes Dionysiou,,True,False,,,1,0,0,1,1,1,0,0,,,,,False,2059,
Menophilos Satyrou,Athens,Male,Menophilos Satyrou,,True,False,,,1,0,0,1,1,1,0,0,,,,,False,2060,
Diotimos Diodorou,Athens,Male,Diotimos Diodorou,,True,False,,,1,0,0,1,1,0,0,1,,,,,False,2061,
Epikrates Kallimakhou,Athens,Male,Epikrates Kallimakhou,,True,False,,,1,0,0,1,1,0,0,1,,,,,False,2062,
Leontios Timarkhou Kephesieos,Athens,Male,Leontios Kephesieos,,True,False,,,1,0,0,3,3,2,0,1,,,,,False,2063,
Dionysios Demostratos,Athens,Male,Dionysios Demostratos,,True,False,,,1,0,0,1,1,0,0,1,,,,,False,2064,
Theophilos Menekrates,Athens,Male,Theophilos Menekrates,,True,False,,,1,0,0,1,1,1,0,0,,,,,False,2065,
Gorgippos Eudemos,Athens,Male,Gorgippos Eudemos,,True,False,,,1,0,0,2,2,2,0,0,,,,,False,2066,
Dositheos Kleomenes,Athens,Male,Dositheos Kleomenes,,True,False,,,1,0,0,5,5,4,0,1,,,,,False,2067,
Aristodemos Argeiou,Athens,Male,Aristodemos Argeiou,,True,False,,,1,0,0,1,1,0,0,1,,,,,False,2068,
Menneos Menneou,Athens,Male,Menneos Menneou,,True,False,,,1,0,0,1,1,0,0,1,,,,,False,2069,
Philemon Philemonos,Athens,Male,Philemon Philemonos,,True,False,,,1,0,0,1,1,0,0,1,,,,,False,2070,
Apolexis Apellikontos,Athens,Male,Apolexis Apellikontos,,True,False,,,1,0,0,1,1,0,0,1,,,,,False,2071,
Demokhares Menandros,Athens,Male,Demokhares Menandros,,True,False,,,1,0,0,1,1,0,0,1,,,,,False,2072,
Sarapion Diokleous,Athens,Male,Sarapion Diokleous,,True,False,,,1,0,0,1,1,0,0,1,,,,,False,2073,
Diokles Diokleous,Athens,Male,Diokles Diokleous,,True,False,,,1,0,0,1,1,0,0,1,,,,,False,2074,
Arkhitimos Arkhitimou,Athens,Male,Arkhitimos Arkhitimou,,True,False,,,1,0,0,1,1,0,0,1,,,,,False,2075,
Themistokles Xenokleous,Athens,Male,Themistokles Xenokleous,,True,False,Hagnous/Acharnai Daduchs,,1,0,0,1,1,0,0,1,,,,,False,2076,
Dionysodoros Dionysodorou,Athens,Male,Dionysodoros Dionysodorou,,True,False,,,1,0,0,1,1,0,0,1,,,,,False,2077,
Kikhesias Leontos,Athens,Male,Kikhesias Leontos,,True,False,,,1,0,0,1,1,0,0,1,,,,,False,2078,
Apollonios Ktesikleous,Athens,Male,Apollonios Ktesikleous,,True,False,,,1,0,0,1,1,0,0,1,,,,,False,2079,
Demostratos Dionysiou,Athens,Male,Demostratos Dionysiou,,True,False,,,1,0,0,1,1,0,0,1,,,,,False,2080,
Timosthenes Timarkhou,Athens,Male,Timosthenes Timarkhou,,True,False,,,1,0,0,1,1,0,0,1,,,,,False,2081,
Menandros Demokharous,Athens,Male,Menandros Demokharous,,True,False,,,1,0,0,1,1,0,0,1,,,,,False,2082,
Aristaikhmos Ammoniou,Athens,Male,Aristaikhmos Ammoniou,,True,False,,,1,0,0,1,1,0,0,1,,,,,False,2083,
Sophokles Philotou,Athens,Male,Sophokles Philotou,,True,False,,,1,0,0,1,1,0,0,1,,,,,False,2084,
Dionysodoros Deiradiotou,Athens,Male,Dionysodoros Deiradiotou,,True,False,,,2,0,0,0,0,0,0,0,,,,,False,2085,
Iophon Dionysodoros Deiradiotes,Athens,Male,Iophon Deiradiotes,,True,False,,,1,0,0,1,1,0,0,1,,,,,False,2086,
Alexandros Agathokleous,Athens,Male,Alexandros Agathokleous,,True,False,,,1,0,0,1,1,0,0,1,,,,,False,2087,
Euphron Euphrontos,Athens,Male,Euphron Euphrontos,,True,False,,,1,0,0,1,1,0,0,1,,,,,False,2088,
Seleukos Demeou,Athens,Male,Seleukos Demeou,,True,False,,,1,0,0,1,1,0,0,1,,,,,False,2089,
Mikion Philokratou,Athens,Male,Mikion Philokratou,,True,False,,,1,0,0,1,1,0,0,1,,,,,False,2090,
Themistokles II Theophrastou,Athens,Male,Themistokles Theophrastou,,True,False,Hagnous/Acharnai Daduchs,,6,2,0,1,4,0,0,4,,,,,False,2091,
Themistokles I Theophrastou,Athens,Male,Themistokles Theophrastou,,True,False,Hagnous/Acharnai Daduchs,,1,0,0,1,3,0,0,3,,,,,False,2092,
Leontios Sophokleous,Athens,Male,Leontios Sophokleous,,True,False,Hagnous/Acharnai Daduchs,,1,0,0,1,1,0,0,1,,,,,False,2093,
Philoxenidos (Sophokleous),Athens,Male,Philoxenidos Sophokleous,,True,False,Hagnous/Acharnai Daduchs,,1,0,0,2,2,0,0,2,,,,,False,2094,
Kephisodoros,Athens,Male,Kephisodoros Kephisodoros,,True,False,Hagnous/Acharnai Daduchs,,1,0,0,1,1,0,0,1,,,,,False,2095,
Philistides,Athens,Male,Philistides Philistides,,True,False,Hagnous/Acharnai Daduchs,,1,0,0,1,1,0,0,1,,,,,False,2096,
Philoxenis,Athens,Male,Philoxenis Philoxenis,,True,False,Hagnous/Acharnai Daduchs,,1,0,0,0,0,0,0,0,,,,,False,2097,
Themistokles A(TBD),Athens,Male,Themistokles,,True,False,Hagnous/Acharnai Daduchs,,1,0,0,1,1,0,0,1,,,,,False,2098,
Antiphon,Athens,Male,Antiphon Antiphon,,True,False,Hagnous/Acharnai Daduchs,,1,0,0,1,1,0,0,1,,,,,False,2099,
Hermoteimos,Athens,Male,Hermoteimos Hermoteimos,,True,False,Hagnous/Acharnai Daduchs,,1,0,0,1,1,0,0,1,,,,,False,2100,
Hierokleides,Athens,Male,Hierokleides Hierokleides,,True,False,Hagnous/Acharnai Daduchs,,1,0,0,1,1,0,0,1,,,,,False,2101,
Semon,Athens,Male,Semon Semon,,True,False,Hagnous/Acharnai Daduchs,,1,0,0,1,1,0,0,1,,,,,False,2102,
Sophokles Theophrastou,Athens,Male,Sophokles Theophrastou,,True,False,Hagnous/Acharnai Daduchs,,2,1,0,0,0,0,0,0,,,,,False,2103,
[?] Hearth-Initiate Themistokleous,Athens,Male,Themistokleous,,True,False,Hagnous/Acharnai Daduchs,,1,1,0,0,1,0,0,1,,,,,False,2104,
Antiokhos Demetriou,Athens,Male,Antiokhos Demetriou,,True,False,,,1,0,0,0,0,0,0,0,,,,,False,2105,
Polyainos Nikandrou,Athens,Male,Polyainos Nikandrou,,True,False,,,1,2,0,0,0,0,0,0,,,,,False,2106,
Theophile,Athens,Female,Theophile Theophile,,True,False,,,1,0,0,0,0,0,0,0,,,,,False,2107,
[.]kleides,Athens,Male,,,True,False,,,1,0,1,0,0,0,0,0,,,,,True,2108,
Phainarete Att[.],Athens,Female,Phainarete,,True,False,,,1,0,1,0,0,0,0,0,,,,,True,2109,
Diotima,Athens,Female,Diotima Diotima,,True,False,,,1,2,0,0,1,0,0,1,,,,,False,2110,
Diodotos Kalliphontos,Athens,Male,Diodotos Kalliphontos,,True,False,,,1,1,0,0,0,0,0,0,,,,,False,2111,
Sosibios,Other/Uncertain,Male,Sosibios Sosibios,,False,False,,,1,0,0,0,0,0,0,0,,,,,False,2112,
Hipparkhos,Athens,Male,Hipparkhos Hipparkhos,,True,False,,,1,0,0,0,0,0,0,0,,,,,False,2113,
Dionysios Dionysiou,Athens,Male,Dionysios Dionysiou,,True,False,,,1,1,0,0,0,0,0,0,,,,,False,2114,
Diodot[.],Athens,Male,Diodot,,True,False,,,1,0,0,0,0,0,0,0,,,,,True,2115,
[?] Heath-Initiate,Athens,Male,Initiate,,True,False,,,1,0,0,0,1,0,0,1,,,,,True,2116,
Ithake,Athens,Female,Ithake Ithake,,True,False,,,1,0,0,1,1,0,0,1,,,,,False,2117,
[?] Heath-Initiate,Athens,Uncertain,Initiate,,True,False,,,1,0,0,0,1,0,0,1,,,,,True,2118,
[?] Hearth-Initiate,Athens,Uncertain,Initiate,,True,False,,,1,0,0,0,1,0,0,1,,,,,True,2119,
Attikos Attikou,Athens,Male,Attikos Attikou,,True,False,,,1,0,0,0,0,0,0,0,,,,,False,2120,
Atheno Niketou,Athens,Male,Atheno Niketou,,True,False,,,1,3,0,0,0,0,0,0,,,,,False,2121,
Pammenes Pammenous,Athens,Male,Pammenes Pammenous,,True,False,,,1,4,0,1,1,0,0,1,,,,,False,2122,
Hierophantis Mos[kh.],Athens,Female,Hierophantis,,True,False,,,1,1,0,1,1,0,0,1,,,,,True,2123,
Antamenes Leontikhou,Athens,Male,Antamenes Leontikhou,,True,False,,,1,2,0,0,0,0,0,0,,,,,False,2124,
Dione Pasikratous,Athens,Female,Dione Pasikratous,,True,False,,,1,0,0,0,0,0,0,0,,,,,False,2125,
[?] Kourotrophos,Athens,Male,Kourotrophos,,True,False,,,1,0,0,0,0,0,0,0,,,,,True,2126,
[O?]knia Polykharmou,Athens,Female,Polykharmou,,False,False,,,1,1,0,0,1,0,0,1,,,,,True,2127,
Polykharmos Polykritos,Athens,Male,Polykharmos Polykritos,,True,False,,,2,2,0,0,0,0,0,0,,,,,False,2128,
Emperor Tiberius,Rome,Male,Tiberius Tiberius,,False,True,,Imperial,5,4,0,0,2,0,2,0,,,,,False,2129,
Theophilos Eudoxou,Athens,Male,Theophilos Eudoxou,,True,False,,,1,0,1,1,2,2,0,0,,,,,False,2130,
Menandros Asklepiodotou,Athens,Male,Menandros Asklepiodotou,,True,False,,,1,0,0,2,3,2,1,0,,,,,False,2131,
Kleo Eukleous,Athens,Female,Kleo Eukleous,,True,False,,Herodian,8,0,0,1,7,0,0,7,,,,,False,2132,
Papios Marathonios,Athens,Male,Papios Marathonios,,True,False,,,1,0,0,2,2,1,1,0,,,,,False,2133,
Iulia Augusta,Rome,Female,Iulia Augusta,,False,True,,Imperial,1,3,0,0,0,0,0,0,,,,,False,2134,
Nikodemos Hermeiou,Athens,Male,Nikodemos Hermeiou,,True,False,,,5,0,0,0,0,0,0,0,,,,,False,2135,
Praxagoras,Athens,Male,Praxagoras Praxagoras,,True,False,,,1,0,0,2,2,1,1,0,,,,,False,2136,
[.]ios Aulus Marathonios,Rome,Male,Marathonios,,True,True,,,3,0,0,0,0,0,0,0,,,,,True,2137,
Polykharmos Eukleous,Athens,Male,Polykharmos Eukleous,,True,False,,Herodian,1,1,0,1,2,1,1,0,,,,,False,2138,
Eimertos Polykharmos,Athens,Male,Eimertos Polykharmos,,True,False,,,2,0,1,0,0,0,0,0,,,,,False,2139,
T. Statilius Lamprias,Rome,Male,Titus Statilius,Lamptrai,False,True,,,1,3,0,0,0,0,0,0,,,,,False,2140,
Kleophatra Iophontos,Athens,Female,Kleophatra Iophontos,,True,False,,,1,0,0,0,0,0,0,0,,,,,False,2141,
P. Papinius Statius,Rome,Male,Publius Papinius Statius Statius,,False,True,,,1,2,0,0,0,0,0,0,,,,,False,2142,
"[.]on, Consul",Rome,Male,,,False,True,,,1,0,0,0,1,0,1,0,,,,,False,2143,
Diokles Themistokles Hagnousios,Athens,Male,Diokles Themistokleous,,True,False,,,1,3,0,0,0,0,0,0,,,,,False,2144,
Athenais Diokleous,Athens,Female,Athenais Diokleous,,True,False,,,1,3,0,0,0,0,0,0,,,,,False,2145,
M. Porcius Cato,Rome,Male,Marcus Porcius Cato,,False,True,,,1,0,0,0,1,0,0,1,,,,,False,2146,
Seilon Apolloniou,Athens,Male,Seilon Apolloniou,,True,False,,,1,3,0,0,1,0,0,1,,,,,False,2147,
Apollonios Seilonos,Athens,Male,Apollonios Seilonos,,True,False,,,1,0,0,1,1,1,0,0,,,,,False,2148,
G. Caecilius Cassius,Rome,Male,Gaius Caecilius Cassius,,False,True,,,1,3,0,0,0,0,0,0,,,,,False,2149,
Statilia [.],Rome,Female,Statilia,,False,True,,,1,3,0,0,0,0,0,0,,,,,True,2150,
Ti. Kl. Eukles Sostratou,Athens,Male,Tiberius Claudius Eukles Sostratou,,True,True,,Herodian,2,0,1,1,2,0,2,0,,,,,False,2151,
Iulia Agrippina,Rome,Female,Iulia Agrippina,,False,True,Julio-Claudian,Imperial,1,1,0,0,0,0,0,0,,,,,False,2152,
[?] Brother of Ti. Kl. Eukles Sostratou,Athens,Male,Tiberius Claudius Sostratou,,True,True,,Herodian,1,0,0,0,0,0,0,0,,,,,True,2153,
Ti. Kl. Nouios Philinou,Athens,Male,Tiberius Claudius Nouios Philinou,,True,True,,,2,0,0,3,4,2,2,0,,,,,False,2154,
G. Iul. Polkhos Sounieus,Athens,Male,Gaius Iulius Polkhos,Sounion,True,True,,,1,0,1,0,0,0,0,0,Iulius 30,,,,False,2155,
Ti. Kl. Demostratos,Athens,Male,Tiberius Claudius Demostratos,Sounion,True,True,Demostratid,Claudii of Melite,2,1,0,0,1,0,0,1,Claudius 94,,,,False,2156,
Ti. Kl. Neikoteles,Athens,Male,Tiberius Claudius Neikoteles,Sounion,True,True,Demostratid,Claudii of Melite,1,0,0,0,0,0,0,0,Claudius 93,,,,False,2157,
Klaudia Philippe,Athens,Female,Claudia Philippe Philippe,Sounion,True,True,Demostratid,Claudii of Melite,1,0,0,0,0,0,0,0,Claudius 95,,,,False,2158,"Wife of T. Kl. Sospis (2nd marriage). They Form Leonid-Demostratid Bridge. They sired T. Kl. Lysiades (159), Tib. Kl. Demostratos (160), T. Kl. Leonides (161), Kl. Philippe (162).  First marriage was with an Ephesian. OR Daughter of T. Kl. Sospis & Kl. Philippe, thus of the first generation post alliance bridge"
Kl. Asklepiodoros,Athens,Male,Claudius Asklepiodoros,,True,True,,,1,1,0,3,3,3,0,0,,,,,False,2159,
Kl. [?] Asklepiodorou,Athens,Male,Claudius Asklepiodorou,,True,True,,,1,0,1,0,0,0,0,0,,,,,True,2160,
[?] Exegete of Eumolpidai,Athens,Male,,,False,False,,,1,0,0,1,1,0,0,1,,,,,True,2161,
Iul. Nikanor,Syria,Male,Iulius Nikanor,,False,True,,,2,3,0,0,0,0,0,0,,,,,False,2162,
[?] Emperor,Rome,Male,,,False,True,,Imperial,1,1,0,0,1,0,1,0,,,,,True,2163,
[?] Imperial Priest,Athens,Male,,,True,False,,,1,0,1,1,1,0,1,0,,,,,True,2164,
Ti. Kl. Hipparkhos Herodou,Athens,Male,Tiberius Claudius Hipparkhos Herodou,,True,True,,Herodian,1,0,1,0,0,0,0,0,,,,,False,2165,
Kl. Alkia,Athens,Female,Claudia Alkia,,True,True,,Herodian,1,1,0,0,1,0,0,1,,,,,False,2166,
T. Fl. Sophokles T. Fl. Kononos,Athens,Male,Titus Flavius Sophokles Kononos,Sounion,True,True,,,2,1,0,0,1,0,0,1,Flavius 66,,,,False,2167,
Fl. Sophia,Athens,Female,Sophia Sophia,Sounion,True,True,,,3,0,2,0,0,0,0,0,Flavius 64,,,,False,2168,
T. Fl. Konon Kononos,Athens,Male,Konon Kononos,Sounion,True,True,,TBD,1,1,0,0,0,0,0,0,Flavius 67,,,,False,2169,
Kl. Tartarion Menandrou,Athens,Female,Claudia Tartarion Menandrou,,True,True,,TBD,1,0,0,1,1,0,0,1,Claudius 64,,,,False,2170,
P. Fulvius Maximos Sounieus,Athens,Male,Publius Fulvius Maximos,Sounion,True,True,,TBD,1,1,0,0,0,0,0,0,,,,,False,2171,
P. Fulvius Metrodoros,Athens,Male,Publius Fulvius Metrodoros,,True,True,,TBD,1,0,1,0,1,0,0,1,,,,,False,2172,
Kl. Philoxena Patronos,Athens,Female,Claudia Philoxena Patronos,,True,True,,,1,1,0,1,1,0,0,1,,,,,False,2173,
Ti. Kl. Lysiades Patronos,Athens,Male,Tiberius Claudius Lysiades Patronos,,True,True,,TBD,1,0,1,1,1,1,0,0,,,,,False,2174,
Kl. Timothea,Athens,Female,Claudia Timothea Timothea,,True,True,,,6,0,0,1,6,0,0,6,,,,,False,2175,
G. Kl. Seilianos Polykritos,Athens,Male,Gaius Claudius Seilianos Polykritos,,True,True,,,1,2,0,0,1,0,0,1,,,,,False,2176,
Kl. [?] Father of Seilianos,Athens,Male,Claudius Seilianos Seilianos,,True,True,,,1,0,1,0,0,0,0,0,,,,,True,2177,
Kl. [?] Mother of Seilianos,Athens,Male,Claudia Seilianos,,True,True,,,1,0,1,0,0,0,0,0,,,,,True,2178,
Zophyros Zopyrou,Athens,Male,Zophyros Zopyrou,,True,False,,,1,0,0,0,1,0,0,1,,,,,False,2179,
Ammonios Kholleides,Athens,Male,Ammonios,Kholleidai,True,False,,,1,0,0,0,0,0,0,0,,,,,False,2180,
[?] Wife of Ammonios Kholleides,Athens,Female,,Kholleidai,True,False,,,1,1,0,0,0,0,0,0,,,,,True,2181,
Thrasyllos Ammoniou,Athens,Male,Thrasyllos Ammoniou,,True,False,,,1,0,1,1,1,1,0,0,,,,,False,2182,
Eraton Eratonos,Athens,Male,Eraton Eratonos,,True,False,,,1,2,0,0,0,0,0,0,,,,,False,2183,
[?] Priestess of Demeter & Kore,Athens,Female,,,False,False,,,1,0,0,1,1,0,0,1,,,,,True,2184,
Athenais,Athens,Female,Athenais,,True,False,,,1,0,0,0,0,0,0,0,,,,,False,2185,
[.]ppos Herokleitou,Athens,Male,Herokleitou,,True,False,,,1,1,0,0,0,0,0,0,,,,,False,2186,
Kl. Theophilos,Athens,Male,Claudius Theophilos,,True,True,Theophilid,,1,0,0,0,0,0,0,0,Claudius 118,,,,False,2187,
Kl. Sostratos,Athens,Male,Sostratos,,True,True,Theophilid,,1,0,0,0,0,0,0,0,Claudius 119,,,,False,2188,
T. Fl [?],Athens,Uncertain,,,False,False,,,1,3,0,0,0,0,0,0,,,,,True,2189,
L. Pompeius [?],Rome,Male,Lucius Pompeius,,False,True,,,1,0,0,0,0,0,0,0,,,,,False,2190,
L. Pompeius Pompeiou,Rome,Male,Lucius Pompeius Pompeiou,,False,True,,,1,0,0,0,0,0,0,0,,,,,False,2191,
Agothokles Agothokleous,Athens,Male,Agothokles Agothokleous,,True,False,,,1,0,0,0,0,0,0,0,,,,,False,2192,
[?] Daughter of Dionysios,Athens,Female,Dionysiou,,False,False,,,1,0,0,0,0,0,0,0,,,,,True,2193,
[?] Themistokl[.],Athens,Male,,,False,False,,,1,0,0,0,0,0,0,0,,,,,True,2194,
[?] Son of Tryphon Phylasios,Athens,Male,,Phyle,True,False,,,1,0,0,0,0,0,0,0,,,,,True,2195,
Tryphon Phylasios,Athens,Male,Tryphon,Phyle,True,False,,,1,3,0,0,0,0,0,0,,,,,False,2196,
[?] Daughter of [A?]bans Akharneus,Athens,Female,,Akharnai,True,False,,,1,0,0,0,0,0,0,0,,,,,False,2197,
[?] Kanephoros,Athens,Male,,,True,False,,,1,1,0,0,1,1,0,0,,,,,False,2198,
Kl. [?],Athens,Uncertain,Claudius,,True,True,,,1,0,0,0,1,0,0,1,,,,,True,2199,
Dione,Athens,Female,Dione,,True,False,,,1,0,0,1,1,0,0,1,,,,,False,2200,
[?] Daughter of [.]dous,Athens,Female,,,True,False,,,1,1,0,0,1,0,0,1,,,,,False,2201,
[.]okleia wife of Metrodoros,Athens,Female,,,True,False,,,1,0,0,0,0,0,0,0,,,,,False,2202,
Metrodoros II Metrodorou,Athens,Male,Metrodoros Metrodorou,,True,False,,TBD,1,0,0,0,0,0,0,0,,,,,False,2203,
Antio Metrodorou,Athens,Male,Antio Metrodorou,,True,False,,,1,0,0,0,0,0,0,0,,,,,False,2204,
Curtia Straontike,Athens,Female,Curtia Stratonike,,True,True,,,1,0,0,0,0,0,0,0,,,,,False,2205,
Kallisto Kallimakhou,Athens,Female,Kallisto Kallimakhou,,True,False,,,1,1,0,0,0,0,0,0,,,,,False,2206,
Kallikleia,Athens,Female,Kallikleia,,True,False,,,1,0,1,0,0,0,0,0,,,,,False,2207,
Kallimakhos,Athens,Male,Kallimakhos,,True,False,,,1,0,0,0,0,0,0,0,,,,,False,2208,
Areios,Athens,Male,Areios,,True,False,,,1,0,0,0,0,0,0,0,,,,,False,2209,
Apollonios Apolloniou,Athens,Male,Apollonios Apolloniou,,True,False,,,1,0,0,0,0,0,0,0,,,,,False,2210,
Fl. Pamphilie,Athens,Female,Flavia Pamphile,,True,True,,,1,0,0,0,0,0,0,0,,,,,False,2211,
T. [?],Other/Uncertain,Uncertain,,,True,True,,,1,3,0,0,0,0,0,0,,,,,True,2212,
[?] Eubiou,Athens,Male,Eubiou,,True,False,,,1,0,0,0,0,0,0,0,,,,,True,2213,
[?] Son of Konon,Athens,Male,Konos,,False,False,,,1,0,0,0,0,0,0,0,,,,,True,2214,
[?] Priestess of Demeter & Kore,Athens,Female,,,True,False,,,1,0,0,1,1,0,0,1,,,,,True,2215,
[?] Priestess of Demeter & Kore,Athens,Female,,,True,False,,,1,0,0,1,1,0,0,1,,,,,True,2216,
Kl. D[?],Athens,Uncertain,Claudius,,True,True,,,1,0,0,0,0,0,0,0,,,,,True,2217,
[?] Hearth-Initiate,Athens,Uncertain,,,True,False,,,1,0,0,1,1,0,0,1,,,,,True,2218,
[?] Woman,Athens,Female,,,False,False,,,1,0,1,0,0,0,0,0,,,,,True,2219,
[?] Husband of Woman,Athens,Male,,,True,False,,,1,1,0,0,0,0,0,0,,,,,True,2220,
Hierophantis Perikleous,Athens,Female,Perikleous,,True,False,,,1,1,0,1,1,0,0,1,,,,,False,2221,
Pose Poseous,Athens,Female,Pose Poseous,,True,False,,TBD,1,0,1,0,0,0,0,0,,,,,False,2222,
Fl. Laodameia Kleitou,Athens,Female,Flavia Laodameia Kleitou,,True,True,,TBD,8,0,1,1,7,0,0,7,,,,,False,2223,
Sotas And[.],Other/Uncertain,Male,Sotas,,False,False,,,1,0,0,0,0,0,0,0,,,,,False,2224,
[?] Priest,Athens,Male,,,True,False,,,1,2,0,0,0,0,0,0,,,,,True,2225,
Ti. Kl. Herodes Attikos Kl. Attikou,Athens,Male,Tiberius Claudius Atticus Herodes Attikou,Marathon,True,True,,Herodian,7,2,1,2,6,3,3,0,,,,,False,2226,
Kl. Attikou,Athens,Male,Claudia Attikou,,True,True,,Herodian,1,0,0,1,1,0,1,0,,,,,False,2227,
Viboullia Alkia,Athens,Female,Vibulla Alkia,,True,True,,Herodian,1,2,0,0,0,0,0,0,,,,,False,2228,
Cocceius Censorinus,Rome,Male,Cocceius Censorinus,,False,True,,,1,0,2,0,0,0,0,0,,,,,False,2229,
Agrius Saturninus,Rome,Male,Agrius Saturninus,,False,True,,,1,1,0,0,1,0,1,0,,,,,False,2230,
Ael. Lysistrate,Athens,Female,Aelius Lysistrate Ael Lysistrate,,True,True,,TBD,1,3,0,0,0,0,0,0,,,,,False,2231,
L. P[?] Husband of Ael. Lysistrate,Athens,Male,Lucius,,True,True,,TBD,1,0,0,0,0,0,0,0,,,,,True,2232,
Athenaios Epaphrodeitos Athenaiou,Athens,Male,Athenaios Epaphrodeitos Athenaiou,,True,False,,TBD,1,2,0,0,0,0,0,0,,,,,False,2233,
Athenaios Perikonikos,Athens,Male,Athenaios,,True,False,,,1,0,0,0,0,0,0,0,,,,,False,2234,
Vipsania Lailiane,Athens,Female,Vipsania Lailiane,,True,True,,,2,3,1,0,0,0,0,0,,,,,False,2235,
T. Vipsanius [.] Flavianos,Athens,Male,Titus Vipanius Flavianos,,True,True,,,1,1,0,0,1,0,0,1,,,,,False,2236,
[?] Son of Heroxenos Marathonios,Athens,Male,Heroxenou,Marathon,True,False,,,1,1,0,1,1,1,0,0,,,,,True,2237,
Polemon Heroxenou,Athens,Male,Polemon Heroxenou,Marathon,True,False,,,1,0,1,1,2,2,0,0,,,,,False,2238,
G. Memmius Sabeinos Peisandros,Athens,Male,Gaius Memmius Sabeinos Peisandros,,True,True,,,1,0,0,0,0,0,0,0,,,,,False,2239,
Thrasyllos Kholleides,Athens,Male,Thrasyllos,Kholleidai,True,False,,,1,1,0,2,2,2,0,0,,,,,False,2240,
Emperor Hadrian,Rome,Male,Hadrian,,False,True,,Imperial,4,0,0,0,2,0,1,0,,,,,False,2241,
Olympius,Athens,Male,Olympius,,True,False,,,0,0,0,0,0,0,0,0,,,,,False,2242,
[?] Emperor,Rome,Male,,,False,True,,Imperial,1,0,0,0,1,0,1,0,,,,,True,2243,
[?] Emperor,Rome,Male,,,False,True,,Imperial,1,0,0,0,1,0,1,0,,,,,True,2244,
[?] Emperor,Rome,Male,,,False,True,,Imperial,1,0,0,0,0,0,0,0,,,,,True,2245,
Panhellenios,Rome,Male,,,False,True,,Imperial,0,0,0,0,0,0,0,0,,,,,True,2246,
Hierophantis Daughter of Demetrios,Athens,Female,Demetriou,,True,False,,,1,0,0,1,1,0,0,1,,,,,False,2247,
Demetrios,Athens,Male,Demetrios,,True,False,,,1,0,0,0,0,0,0,0,,,,,False,2248,
Marcianus,Rome,Male,Marcianus,,False,True,,,1,0,0,0,0,0,0,0,,,,,False,2249,
L. Vipsanius Aiolion,Athens,Male,Lucius Vipsanius Aiolion,,True,True,,TBD,2,3,0,5,6,5,0,1,,,,,False,2250,
L. Vipsanius Lailianos,Athens,Male,Lucius Vipsanius Lailianos,,True,True,,TBD,2,3,0,1,1,1,0,0,,,,,False,2251,
[?] Relative of L. Vipsanius Aiolion,Athens,Uncertain,Lucius Vipsanius,,True,True,,TBD,1,0,0,1,1,0,0,1,,,,,True,2252,
Iunia [?] Iun. Patronos,Athens,Female,Iunia Patronos,,True,True,,TBD,1,2,0,1,1,0,0,1,,,,,True,2253,
Iun. Patron,Athens,Male,Iunius Patron,,True,True,,TBD,2,0,2,0,0,0,0,0,,,,,False,2254,
Annia Aristokleia,Athens,Female,Annia Aristokleia,,True,True,,TBD,2,0,1,0,0,0,0,0,,,,,False,2255,
Annius Thrasyllos,Athens,Male,Annius Thrasyllos,,True,True,,TBD,2,0,1,0,0,0,0,0,,,,,False,2256,
L. Nummius Andreas Menidos,Athens,Male,Lucius Nummius Andreas Menidos,,True,True,,Nummii of Bassa,1,0,1,0,0,0,0,0,,,,,False,2257,
Nummia Bassa,Athens,Female,Nummia,Bassa,True,True,,Nummii of Bassa,1,0,1,0,0,0,0,0,,,,,False,2258,
L. Nummius Hierokeryx,Athens,Male,Lucius Nummius,,True,True,,Nummii of Bassa,1,0,0,0,0,0,0,0,,,,,False,2259,
Nummia Kleo,Athens,Female,Nummia Kleo,,True,True,,Nummii of Bassa,1,2,0,1,1,0,0,1,,,,,False,2260,
Ti. Kl. Attikos Marathonios,Athens,Male,Tiberius Clauius Atticus Attikos,Marathon,True,True,,Herodian,1,0,0,0,0,0,0,0,,,,,False,2261,
Annia Faustina,Rome,Female,Annia Faustina,,False,True,,Imperial,1,0,0,0,0,0,0,0,,,,,False,2262,
Emperor Antoninus Pius,Rome,Male,Antoninus Pius,,False,True,,Imperial,1,0,0,0,2,0,2,0,,,,,False,2263,
Emperor Marcus Aurelius,Rome,Male,Marcus Aurelius,,False,True,,Imperial,13,5,0,0,8,0,7,1,,,,,False,2264,
Domitia Lucilla,Rome,Female,Domitia Lucilla,,False,True,,Imperial,1,0,0,0,0,0,0,0,,,,,False,2265,
Nummius Nigreinos,Athens,Male,Nummius Nigreinos,,True,True,,Nummii of Bassa,1,0,0,1,1,0,0,1,,,,,False,2266,
Menandra of Ephesus,Athens,Female,Menandra,,True,False,,,1,0,0,0,0,0,0,0,,,,,False,2267,
[?] Relative of Mindios Amynos,Athens,Uncertain,,,True,False,,,1,0,0,3,3,0,1,0,,,,,True,2268,
G. Kl. Titianos,Athens,Male,Gaius Claudius Titianos Titianos,,True,True,,,1,0,0,2,11,0,7,0,,,,,False,2269,
Philipe Kl. Demostratou,Athens,Female,Claudia Philipe Demostratou,Pallene,True,True,Demostratid,Claudii of Melite,1,0,0,6,8,7,0,1,95,,,,False,2270,"Wife of Ti. Kl. Nikoteles (93), mother of Kl. Demostratos (94)"
D. Iun. Menneas,Athens,Male,Patron Menneas,,True,True,,,1,2,0,1,1,0,0,1,,,,,False,2271,
Exegete Patron,Athens,Male,Patron,Gargettos,True,False,,,1,0,0,0,1,1,0,0,,,,,False,2272,
Phirmus Gargettios,Athens,Male,Firmus Phirmus Gargettios,,True,True,,,1,0,0,1,1,0,0,1,,,,,False,2273,
D. Iun. Peiraieus,Athens,Male,Decimus Iunius Peiraieus,Peiraieus,True,True,,,1,1,0,1,1,0,0,1,,,,,False,2274,
Cornelia [?],Athens,Female,Cornelia Cornelia [?],,False,True,,,1,0,1,0,0,0,0,0,,,,,True,2275,
[?] Relative of Ti. Cl. Lysiades,Athens,Male,Lysiades,,True,True,,,1,0,0,0,1,0,0,1,,,,,True,2276,
Ail. Praxagoras,Athens,Male,Aelius Praxagoras Themistokleous,Melite,True,True,Praxagorid-Demostratid,Claudii of Melite,8,0,0,2,13,10,0,3,140,,,,False,2277,"First in the Praxagorid line to hold Daduchy, descended from Themistokles, brother of T. Kl. Lysiades (Lysiades being the second in the Leonid line to hold the daduchy). Paternal grandson of Themistokles"
[?] Daughter of Praxagoras Thorikos,Athens,Female,Praxagorou,Thorikos,True,False,Praxagorid-Demostratid,Claudii of Melite,1,0,0,0,0,0,0,0,9,,,,False,2278,Mother of Aelius Praxagoras
Kl. Themistokles,Athens,Male,Claudius Themistokles Leonidou,Melite,True,True,Leonid,Claudii of Melite,3,0,0,0,0,0,0,0,156,,,,False,2279,"Brother to T. Kl. Lysidades, and son to T. Kl. Leonides, founder of Leonid branch"
Klementiane,Athens,Female,Klementiane Klementiane,,True,True,,Arrian,1,1,0,0,0,0,0,0,,,,,False,2280,
Arrian,Athens,Male,Arrianus Arrian,,True,True,,Arrian,1,0,0,0,1,0,1,0,,,,,False,2281,
[?] Emperor,Rome,Male,,,False,True,,Imperial,1,1,0,0,1,0,1,0,,,,,False,2282,
Ana[.]n Krateros,Athens,Male,,,True,True,,,1,0,1,1,1,0,1,0,,,,,False,2283,
[?] Claudius of Melite,Athens,Male,,Melite,True,True,,,1,0,0,1,1,1,0,0,,,,,True,2284,
Ti. Kl. Leonides,Athens,Male,Tiberius Claudius Leonides,,True,True,,Claudii of Melite,4,0,0,1,4,0,0,4,,,,,False,2285,
Sergius Salvidius Scipio Orfitus,Rome,Male,Sergius Salvidius Scipio Orfitus,,False,True,,,4,3,0,0,0,0,0,0,,,,,False,2286,
Calpurnia L. Lepida,Rome,Female,Calpurnia Lepida,,False,True,,,1,3,0,0,0,0,0,0,,,,,False,2287,
Sergius Calpurnius Scipio Orfitus,Rome,Male,Sergius Calpurnius Scipio Orfitus,,False,True,,,1,3,0,0,1,0,0,1,,,,,False,2288,
L. Calpurnius Piso,Rome,Male,Lucius Calpurnius Piso,,False,True,,,1,3,0,0,1,0,0,1,,,,,False,2289,
P. Ail. Timosthenes,Athens,Male,Publius Aelius Timosthenes,,True,True,,TBD,1,1,0,1,1,0,0,1,,,,,False,2290,
Ail. Zenonos,Athens,Male,Aelius Zenonos,,True,True,,TBD,1,0,1,0,1,1,0,0,,,,,False,2291,
Elpinike Atria,Athens,Female,Elpinike Atria,,True,True,,Herodian,1,0,0,0,0,0,0,0,,,,,False,2292,
Regilla,Rome,Female,Regilla,,True,True,,Herodian,3,1,0,0,0,0,0,0,,,,,False,2293,
Appius,Rome,Male,Appius,,False,True,,Herodian,2,0,0,0,1,0,1,0,,,,,False,2294,
T. Kl. Appius Bradoua,Athens,Male,Tiberius Claudius Appius T Bradoua,,True,True,,Herodian,1,0,0,0,0,0,0,0,,,,,False,2295,
Themistokles Meliteus,Athens,Male,Claudius Themistokles,Melite,True,False,,Claudii of Melite,2,0,0,0,0,0,0,0,157,,,,False,2296,"Father of Aelius Praxagoras, son of T. Kl. Themistokles who was brother to T. Kl. Lysiades the Daduch and son to T. Kl. Leonides the daduch"
[?] Son of P. Ael. Praxagoras,Athens,Male,Publius Aelius Praxagorou,,True,True,,Claudii of Melite,1,0,0,0,1,0,0,1,,,,,True,2297,
Fl. Xenion,Athens,Male,Flavius Xenion,,True,True,,,1,0,1,0,2,0,1,1,,,,,False,2298,
Fl. Zenophilos,Athens,Male,Flavius Zenophilos,,True,True,,TBD,1,1,0,0,0,0,0,0,,,,,False,2299,
Emperor L. Verus,Rome,Male,Lucius Verus,,False,True,,Imperial,5,4,0,0,3,0,2,1,,,,,False,2300,
Ail. Kh[?],Other/Uncertain,Uncertain,Aelius,,True,True,,,1,0,2,0,0,0,0,0,,,,,False,2301,
T. Fl. Hierophant Alkibiadou,Athens,Male,Titus Flavius Alkibiadou,,True,True,,Alcibiad,1,3,0,1,1,0,0,1,,,,,False,2302,
T. Fl. Alkibiades (II),Athens,Male,Titus Flavius Alkibiades,Paiania,True,True,,Alcibiad,1,0,0,4,5,5,0,0,131,,,,False,2303,
T. Fl. Leosthenes,Athens,Male,Titus Flavius Leosthenes,Paiania,True,True,,Alcibiad,1,0,0,4,7,7,0,0,129,,,,False,2304,
T. Fl. Alkibiades (I),Athens,Male,Titus Flavius Alkibiades,Paiania,True,True,,Alcibiad,1,0,0,2,5,4,1,0,127,,,,False,2305,
Fl. Eisidora,Athens,Female,Flavia Eisidora,,True,True,,Alcibiad,1,0,0,0,0,0,0,0,193,,,,False,2306,
Fl. Herakleitos,Athens,Male,Flavia Herakleitos,,True,True,,Alcibiad,1,0,0,0,0,0,0,0,133,,,,False,2307,
Domitia Laodameia,Athens,Female,Domitia Laodameia,,True,True,,,1,0,0,0,0,0,0,0,,,,,False,2308,
Krateros,Athens,Male,Krateros,,True,False,,,1,0,0,1,1,0,0,1,,,,,False,2309,
M. Aur. Miltiades,Athens,Male,Marcus Aurelius Miltiades,,True,True,,,1,1,0,0,1,0,0,1,,,,,False,2310,
Agothokles Marathonios,Athens,Male,Agothokles,Marathon,True,False,,,1,0,1,0,0,0,0,0,,,,,False,2311,
T. Fl. Euthykomas,Athens,Male,Titus Flavius Euthykomas,Paiania,True,True,,Flavii of Paiania,2,1,0,0,0,0,0,0,141,,,,False,2312,
T. Fl. Straton II,Athens,Male,Titus Flavius Straton,Paiania,True,True,,Flavii of Paiania,1,0,0,1,1,0,0,1,140,,,,False,2313,
T. Fl Straton I,Athens,Male,Titus Flavius Straton,,True,True,,Flavii of Paiania,1,0,0,1,1,0,0,1,139,,,,False,2314,
Fl. [.]krateia,Athens,Female,Flavia,,True,True,,,1,0,0,1,1,0,0,1,,,,,False,2315,
Pompeia Polla,Athens,Female,Pompeia Polla,,True,True,,,2,0,1,0,0,0,0,0,,,,,False,2316,
Pompeius Pleistarkhos,Athens,Male,Pompeius Pleistakhos,,True,True,,,1,0,0,0,0,0,0,0,,,,,False,2317,
T. Fl. Menandros Paianieus,Athens,Male,Titus Flavius Menandros,Paiania,True,True,,,1,2,0,0,0,0,0,0,143,,,,False,2318,
Xenion,Athens,Male,Xenion,,True,False,,,1,0,0,0,0,0,0,0,,,,,False,2319,
Severus,Rome,Male,Severus,,False,True,,,1,0,0,0,1,0,1,0,,,,,False,2320,
M. Iul Apellas,Athens,Male,Marcus Iulius Apellas,,True,True,,,1,2,0,1,1,0,0,1,,,,,False,2321,
M. Iul. Damianos,Athens,Male,Marcus Iulius Damianos,,True,True,,,1,0,0,0,0,0,0,0,,,,,False,2322,
Fl. Apella Hypaipenou,Athens,Female,Flavia Apella Hypaipenou,,True,True,,,1,0,0,0,0,0,0,0,,,,,False,2323,
Fl. Polla,Athens,Female,Flavia Polla,,True,True,,,1,0,0,0,0,0,0,0,,,,,False,2324,
Xenion,Athens,Male,Xenion,,True,False,,,1,1,0,1,2,0,1,0,,,,,False,2325,
Iul. Apollodotos Meliteus,Athens,Male,Iulius Apollodotos,Melite,True,True,Theodotid,Claudii of Melite,1,3,0,4,3,2,0,1,48,,,,False,2326,
Iul. Theodotos,Athens,Male,Iulius Theodotus,Melite,True,True,Theodotid,Claudii of Melite,2,0,1,3,4,2,0,0,50,,,,False,2327,
Ail. Kephisodora,Athens,Female,Aelia Kephisodora,,True,True,Demostratid-Leonid,Claudii of Melite,2,3,0,0,0,0,0,0,139,,,,False,2328,Daughter of Kl. Lysiades
Kl. Lysiades,Athens,Male,Claudius Lysiades,,True,True,Leonid,Claudii of Melite,2,0,0,1,2,0,0,2,159,,,,False,2329,Father of Aelia Kephisodora
Kl. Sospis,Athens,Male,Claudius Sospis,,True,True,Leonid,Claudii of Melite,0,0,0,1,2,0,0,2,164,,,,False,2330,
Iul. Kephisodora,Athens,Female,Iulia Kephisodora,,True,True,Theodotid-Demostratid-Leon,Claudii of Melite,1,0,1,0,0,0,0,0,52,,,,False,2331,
M. Iul. Praxis,Athens,Male,Marcus Iulius Praxis,,True,True,,,1,0,1,0,1,0,0,0,,,,,False,2332,
[?] Emperor,Rome,Male,,,False,True,,Imperial,1,0,0,0,0,0,0,0,,,,,False,2333,
[Iunia] Melitine,Athens,Female,Iunia,Melite,True,True,,,1,0,0,1,1,0,0,1,,,,,False,2334,
Isidote Eisaiou,Athens,Female,Isidote Eisaiou,,True,False,,,1,0,0,2,2,0,0,2,,,,,False,2335,
Eisaios I,Athens,Male,Eisaios,,True,False,,,1,0,0,0,1,0,1,0,,,,,False,2336,
Eisaios II,Athens,Male,Eisaios,,True,False,,,1,0,0,0,0,0,0,0,,,,,False,2337,
Emperor Commodous,Rome,Male,Commodus,,False,True,,Imperial,4,0,0,1,6,1,3,2,,,,,False,2338,
L. Memmius Altar-Priest,Athens,Male,Lucius Memmius,,True,True,,TBD,2,3,0,7,9,6,1,2,,,,,False,2339,
Fl. Amphikles,Athens,Male,Flavius Amphikles,,True,True,,,1,0,0,1,1,0,0,0,,,,,False,2340,
Lucilla,Rome,Female,Lucilla,,False,True,,Imperial,1,0,0,0,0,0,0,0,,,,,False,2341,
Faustina,Rome,Female,Faustina,,False,True,,Imperial,2,0,0,0,0,0,0,0,,,,,False,2342,
Sabina,Rome,Female,Sabina,,False,True,,Imperial,1,0,0,0,0,0,0,0,,,,,False,2343,
Faustina II,Rome,Female,Faustina,,False,True,,Imperial,1,0,0,0,0,0,0,0,,,,,False,2344,
Praxagora Demostratou,Athens,Female,Praxagora Demostratou,,True,False,Praxagorid-Demostratid-Leonid,Claudii of Melite,1,0,0,0,1,0,0,1,,,,,False,2345,Daughter of Aeilia Philiste and T. Kl. Demostratos (160). Mother of Xenagoras
T. Kl. Demostratos Sospidou,Athens,Male,Tiberius Claudius Demostratos Sospidou,Melite,True,True,Demostratid-Leonid,Claudii of Melite,1,0,0,1,1,0,0,1,Claudius 160,,,,False,2346,This is the Demostratos who was involved in the civil suit against Herodes Atticus before Marus Aurelius
Ail. Philiste Praxagorou,Athens,Female,Aelia Philiste Praxagorou,Melite,True,True,Demostratid-Leonid,Claudii of Melite,2,0,0,1,1,0,0,1,,,,,False,2347,This is Aelia Philiste who marries T. Kl. Demostratos  (160) and forms Praxagoris-Demostratid branch (with links through Demostratid-Leonid line too)
Io. Hierophantes,Athens,Male,Iulius,,True,True,,TBD,1,0,0,1,2,2,0,0,,,,,False,2348,
Aiolion Phlyeos,Athens,Male,Aiolion,Phyle,True,True,,,1,0,0,2,1,1,0,0,,,,,False,2349,
Ail. Leu. Palleneus,Athens,Male,Aelius Palleneus,,True,True,,TBD,1,0,0,1,2,1,0,0,,,,,False,2350,
Demosthenes Anthou,Athens,Male,Demosthenes Anthou,,True,False,,,1,0,0,0,1,1,0,0,,,,,False,2351,
Attikos Anthou,Athens,Male,Attikos Anthou,,True,False,,,1,0,0,0,1,1,0,0,,,,,False,2352,
[.]iteles,Athens,Male,,,False,False,,,1,0,0,0,1,1,0,0,,,,,True,2353,
Lo[.],Athens,Male,,,False,False,,,1,0,0,0,1,1,0,0,,,,,True,2354,
Ai. F[.],Athens,Male,,,False,False,,,1,0,0,0,1,1,0,0,,,,,True,2355,
Hiero[.],Athens,Male,,,False,False,,,1,0,0,0,1,1,0,0,,,,,True,2356,
Kl. M[.],Athens,Male,Claudius,,False,False,,,1,0,0,0,1,1,0,0,,,,,True,2357,
Arist[.],Athens,Male,,,False,False,,,1,0,0,0,1,1,0,0,,,,,True,2358,
Kletos Epigonou,Athens,Male,Kletos Epigonou,,True,False,,,1,0,0,0,1,1,0,0,,,,,False,2359,
Dionysios Glaukou,Athens,Male,Dionysios Glaukou,,True,False,,,1,0,0,0,0,0,0,0,,,,,False,2360,
Kl. Nikephoros,Athens,Male,Claudius Nikephoros,,True,True,,,1,0,0,0,1,1,0,0,,,,,False,2361,
Megalinos Aphrodisiou,Athens,Male,Megalinos Aphrodisiou,,True,False,,,1,0,0,0,1,1,0,0,,,,,False,2362,
Khaireas Diogenous,Athens,Male,Khaireas Diogenous,,True,False,,,1,0,0,0,1,1,0,0,,,,,False,2363,
Aristoboulos Zosimou,Athens,Male,Aristoboulos Zosimou,,True,False,,,1,0,0,0,1,1,0,0,,,,,False,2364,
Fl. Stephanos,Athens,Male,Flavius Stephanos,,True,True,,,1,0,0,0,1,1,0,0,,,,,False,2365,
Ai. Markos,Athens,Male,Aelius Markos,,True,True,,,1,0,0,0,1,1,0,0,,,,,False,2366,
Kl. Serapion,Athens,Male,Claudius Serapion,,True,True,,,1,0,0,0,1,1,0,0,,,,,False,2367,
Iou. Kaikilianos,Athens,Male,Iulius Kaikilianos,,True,True,,,3,0,0,0,1,1,0,0,,,,,False,2368,
Timokrates Kaprodorou,Athens,Male,Timokrates Kaprodorou,,True,False,,,1,0,0,0,1,1,0,0,,,,,False,2369,
Eisidoros Eisidorou,Athens,Male,Eisidoros Eisidorou,,True,False,,,1,0,0,0,1,1,0,0,,,,,False,2370,
Thrasyboulos Artemonos,Athens,Male,Thrasyboulos Artemonos,,True,False,,,1,0,0,0,1,1,0,0,,,,,False,2371,
Euripides Preimou,Athens,Male,Euripides Preimou,,True,False,,,1,0,0,0,1,1,0,0,,,,,False,2372,
Epitunkhanon Epitunkhanonos,Athens,Male,Epitunkhanon Epitunkhanonos,,True,False,,,1,0,0,0,1,1,0,0,,,,,False,2373,
Onesimos Eiphikratous,Athens,Male,Onesimos Eiphikratous,,True,False,,,1,0,0,0,1,1,0,0,,,,,False,2374,
P. Herennios Apolloniou,Athens,Male,Publius Herennius Apolloniou,,True,True,TBD,,1,0,0,1,4,2,0,2,,,,,False,2375,
Ti. Kl. Sospis Lysiadou,Athens,Male,Tiberius Claudius Sospis Lysiadou,Melite,True,True,Leonid,Claudii of Melite,2,0,0,1,3,2,0,1,Claudius 158,,,,False,2376,"Husband of Kl. Philippe, together they form the Demostratid-Leonid bridge. They sire T. Kl. Lysiades (159), and T. Kl. Demostratos (160), and T. Kl. Leonides (161), and Kl. Philippe (162)"
Aim[.],Athens,Male,,,False,False,,,1,0,0,0,1,1,0,0,,,,,True,2377,
Aim[.],Athens,Male,,,False,False,,,1,0,0,0,1,1,0,0,,,,,True,2378,
Titios Molossios Alopekethen,Athens,Male,Titius Molossios,,True,True,,,1,0,0,0,1,1,0,0,,,,,False,2379,
Khryseros Khryserou,Athens,Male,Khryseros Khryserou,,True,False,,,1,0,0,0,1,1,0,0,,,,,False,2380,
Dephilos Khareisiou,Athens,Male,Dephilos Khareisiou,,True,False,,,1,0,0,0,1,1,0,0,,,,,False,2381,
Nikomakhos Mikomakhou,Athens,Male,Nikomakhos Mikomakhou,,True,False,,,1,0,0,0,1,1,0,0,,,,,False,2382,
Deiphilos Deiphilou,Athens,Male,Deiphilos Deiphilou,,True,False,,,1,0,0,0,1,1,0,0,,,,,False,2383,
Hygeinos Arkhimhdous,Athens,Male,Hygeinos Arkhimhdous,,True,False,,,1,0,0,0,1,1,0,0,,,,,False,2384,
Nikostratos Nikiou,Athens,Male,Nikostratos Nikiou,,True,False,,,1,0,0,0,1,1,0,0,,,,,False,2385,
Emperor Septimius Severus,Rome,Male,Septimius Severus,,False,True,Severan,Imperial,3,1,0,0,1,0,1,0,,,,,False,2386,
Iul. Domna,Rome,Female,Iulia Domna,,False,True,Severan,Imperial,2,0,0,1,1,0,1,0,,,,,False,2387,
Kl. Themistoklea,Athens,Female,Claudia Themistoklea Phillipou,,True,True,Demostratid-Leonid,Claudii of Melite,1,0,0,0,0,0,0,0,,,,,False,2388,"Daughter of Kl. Philippos, daduch"
Kl. Philippos,Athens,Male,Claudius Phillipos Demostratou,,True,True,Demostratid-Leonid,Claudii of Melite,3,0,0,1,3,0,0,3,,,,,False,2389,Daduch
Kl. Menandra,Athens,Female,Claudia Menandra Phillipou,,True,True,Demostratid-Leonid,Claudii of Melite,2,0,0,0,0,0,0,0,,,,,False,2390,"Daughter of Kl. Philippos, daduch"
Nikostrate Meneou,Athens,Female,Nikostrate Meneou,,True,False,,,1,2,0,0,1,0,0,1,,,,,False,2391,
G. Kasios Semakhidai,Athens,Male,Gaius Casius Semakhidai,Semakhidai,True,True,,,1,0,0,1,1,1,0,0,,,,,False,2392,
Ail. Epilampsis Gelotos,Athens,Female,Aelius Epilampsis Gelotos,,True,True,,Aelii of Phaleron,1,1,0,0,0,0,0,0,14,,,,False,2393,
Ail. Gelo,Athens,Male,Aelius Gelos,,True,True,,Aelii of Phaleron,1,0,0,0,0,0,0,0,4,,,,False,2394,
Diokles,Athens,Male,Diokles,,True,False,,Aelii of Phaleron,1,0,0,0,0,0,0,0,,,,,False,2395,
Ail. Alexandros,Athens,Male,Aelius Alexandros,,True,True,,Aelii of Phaleron,1,0,0,1,1,1,0,0,3,,,,False,2396,
Ail. Ardys,Athens,Male,Aelius Ardys,,True,True,,Aelii of Phaleron,1,0,0,5,6,3,1,0,7,,,,False,2397,
Ail. Kallikrates,Athens,Male,Aelius Kallikrates,,True,True,,Aelii of Phaleron,1,0,0,4,4,4,0,0,8,,,,False,2398,
Ail. Alexandros II,Athens,Male,Aelius Alexandros,,True,True,,Aelii of Phaleron,1,0,0,1,1,1,0,0,11,,,,False,2399,
Ail Gelo II,Athens,Male,Aelius Gelos,,True,True,,Aelii of Phaleron,1,0,0,1,1,1,0,0,12,,,,False,2400,
P. Pom. Hegios,Athens,Male,Publius Pompeius Hegios,,True,True,,Aelii of Phaleron,1,0,0,3,5,4,0,0,6,,,,False,2401,
P. Pom. Hegios II,Athens,Male,Publius Pompeius Hegios,,True,True,,Aelii of Phaleron,1,0,1,1,1,1,0,0,7,,,,False,2402,
Pom. Epilampsis,Athens,Male,Pompeius Epilampsis,,False,True,,Aelii of Phaleron,1,0,0,0,1,0,0,1,8,,,,False,2403,
T. Fl. Leosthenes II,Athens,Male,Titus Flavius Leosthenes,,True,True,,Alcibiad,1,0,1,0,0,0,0,0,,,,,False,2404,
Daughter of T. Fl. Leosthenes II,Athens,Female,Flavia,,True,True,,Alcibiad,1,1,0,0,0,0,0,0,134,,,,False,2405,
Ail. Sossianos Prospaltios,Athens,Male,Aelius Sossianos Prospaltios,,True,True,,,1,0,0,0,0,0,0,0,,,,,False,2406,
Glaukos,Athens,Male,Glaukos,,True,False,,,1,0,0,0,0,0,0,0,,,,,False,2407,
Hagne,Athens,Female,Hagne,,True,False,,,1,0,0,0,0,0,0,0,,,,,False,2408,
Threption,Athens,Male,Threption,,True,False,,,1,0,0,0,0,0,0,0,,,,,False,2409,
Tereus,Athens,Male,Tereus,,True,False,,,1,0,0,0,0,0,0,0,,,,,False,2410,
Hermione,Athens,Female,Hermione,,True,False,,,1,0,0,0,0,0,0,0,,,,,False,2411,
Eutykhides,Athens,Male,Eutykhides,,True,False,,,1,0,0,0,0,0,0,0,,,,,False,2412,
Euodos,Athens,Male,Euodos,,True,False,,,1,0,0,0,0,0,0,0,,,,,False,2413,
Aiskhylos,Athens,Male,Aiskhylos,,True,False,,,1,0,0,0,0,0,0,0,,,,,False,2414,
Zoeilos,Athens,Male,Zoeilos,,True,False,,,1,0,0,0,0,0,0,0,,,,,False,2415,
Neokleides,Athens,Male,Neokleides,,True,False,,,1,0,0,0,1,0,0,1,,,,,False,2416,
Iun. Agathopodos,Athens,Uncertain,Iunius Agathopodos,,True,True,,,1,1,0,0,0,0,0,0,,,,,False,2417,
Demetrios Apolloniou,Athens,Male,Demetrios Apolloniou,,True,False,,,1,1,0,0,0,0,0,0,,,,,False,2418,
"Alkamenes, Pyrphoros",Athens,Male,Alkamenes,,True,False,,,1,0,0,1,1,1,0,0,,,,,False,2419,
[?] Exegete of Eumolpidai,Athens,Male,,,True,False,,,1,0,0,1,4,1,2,1,,,,,True,2420,
Aristaios,Athens,Male,Aristaios,,True,False,,,1,0,0,1,1,1,0,0,,,,,False,2421,
[?] High Priest Ti. Kl. Lianou,Athens,Male,Tiberius Claudius Lianou,,True,True,,,1,0,0,1,2,1,1,0,,,,,True,2422,
[.]mmios,Athens,Male,,,False,True,,,1,0,0,0,0,0,0,0,,,,,True,2423,
Q. Fronto Marathonios,Rome,Male,Quintus Fronto,Marathon,True,True,,,1,0,0,0,0,0,0,0,,,,,False,2424,
Lolliane Glaukou,Athens,Female,Lolliane Glaukou,,True,False,,,1,0,0,0,0,0,0,0,,,,,False,2425,
[?] Claudius,Athens,Male,Claudius,,True,True,,,1,0,0,0,0,0,0,0,,,,,True,2426,
[?] Exegete,Athens,Male,,,True,False,,,1,0,0,0,0,0,0,0,,,,,True,2427,
[?] Exegete of Eumolpidai,Athens,Male,,,True,False,,,2,0,0,1,1,0,0,1,,,,,True,2428,
Praxagoras? Of Melite,Athens,Male,Praxagoras,Melite,True,False,,,1,0,0,0,0,0,0,0,,,,,False,2429,
[Epaphro]dit[as]?,Athens,Male,Epaphroditas,,True,False,,,1,0,0,0,1,1,0,0,,,,,False,2430,
"Poll[io]n[a?], Hearth-Initiate",Athens,Female,Pollonia,,True,True,,,1,1,0,0,1,0,0,1,,,,,False,2431,
Son or Daughter of a [N]um[ius],Athens,Uncertain,,,True,True,,,1,3,0,0,0,0,0,0,,,,,False,2432,
[A]thenago[ras],Athens,Male,Athenagoras,,True,False,,,1,0,0,0,0,0,0,0,,,,,False,2433,
T. Fl. Ateimetos Peiraieus,Athens,Male,Titus Flavius Ateimetos,Peiraieus,True,True,,,1,2,0,0,0,0,0,0,,,,,False,2434,
T. Fl. Agathonos Peiraieus,Athens,Male,Titus Flavius Agathonos,Peiraieus,True,True,,,1,0,0,0,0,0,0,0,,,,,False,2435,
Onesime Papiou,Athens,Female,Onesime Papiou,,True,False,,,1,0,1,0,0,0,0,0,,,,,False,2436,
Oapiou Onesimou,Athens,Male,Oapiou Onesimou,,True,False,,,1,0,0,0,0,0,0,0,,,,,False,2437,
Onesimou Besaieus,Athens,Male,Onesimou Besaieus,Besa,True,False,,,1,0,0,0,0,0,0,0,,,,,False,2438,
Sabeiniane Hamillo,Athens,Female,Sabeiniane Hamillo,,True,True,,TBD,1,4,0,0,1,1,0,0,,,,,False,2439,
Thoinos,Athens,Male,Thoinos,,True,False,,,1,0,0,0,0,0,0,0,,,,,False,2440,
Ariston,Athens,Male,Ariston,,True,False,,,1,0,0,0,0,0,0,0,,,,,False,2441,
Andreas,Athens,Male,Andreas,,True,False,,,1,0,0,0,0,0,0,0,,,,,False,2442,
[?] Daughter of Pythokhrestos Exegete,Athens,Female,,,True,False,,,1,0,0,0,1,1,0,0,,,,,True,2443,
Herennios,Athens,Male,Herennius,,True,False,,,1,0,0,0,0,0,0,0,,,,,False,2444,
[?] Daughter of Kyklobols Hagnousios,Athens,Female,Kykobolou,Hagnous,True,False,,,1,0,0,0,1,0,0,1,,,,,False,2445,
[?] Memmius,Athens,Male,Memmius,,True,True,,,1,0,0,0,0,0,0,0,,,,,False,2446,
Pompeia A[.],Athens,Female,Pompeia,,True,True,,,1,0,0,0,0,0,0,0,,,,,False,2447,
[?] Emperor,Rome,Male,,,False,False,,Imperial,1,0,0,0,1,0,1,0,,,,,True,2448,
P. Ail. [.],Athens,Uncertain,Publius Aelius,,True,True,,,1,0,0,0,1,0,1,0,,,,,False,2449,
Apollonios Sphettios,Athens,Male,Apollonios,Sphettos,True,False,,,1,0,0,0,0,0,0,0,,,,,False,2450,
Lysiades,Athens,Male,Lysiades Lysiades,,True,False,,TBD,1,0,0,0,0,0,0,0,,,,,False,2451,
P. Ail. Herennia P. Ail. Apolloniou,Athens,Female,Publia Aelia Herennia Apolloniou,,True,True,,TBD,1,2,0,0,1,0,0,1,,,,,False,2452,
P. Ail Apollonios,Athens,Male,Publius Aelius Apollonios,,True,True,,TBD,1,0,1,5,5,5,0,0,,,,,False,2453,
P. Ail. Herennia,Athens,Female,Publia Aelia Herennia,,True,True,,TBD,1,0,1,0,0,0,0,0,,,,,False,2454,
Konon,Athens,Male,Konon,,True,False,,,2,0,0,0,0,0,0,0,,,,,False,2455,
Kallimakhos,Athens,Male,Kallimakhos,,True,False,,,1,0,0,0,0,0,0,0,,,,,False,2456,
P. Ail. Dionysios,Athens,Male,Publius Aelius Dionysios,,True,True,Dionysiads,Aelii of Pallene,1,0,0,0,0,0,0,0,55,,,,False,2457,"Supposed ally of Herodes, involved in litigration in front of Marcus Aurelius about his tenure. He was the one candidate to intervene in the Claudii's tenure."
[?] Grandson of Ti. Kl. Sospis,Athens,Male,,,True,True,Demostratid-Leonid,Claudii of Melite,1,0,0,0,0,0,0,0,,,,,True,2458,
Ti. Kl. Lysiades Leonidou,Athens,Male,Tiberius Claudius Lydiades Leonidou,Melite,True,True,Leonid,Claudii of Melite,1,0,0,1,2,0,0,2,155,,,,False,2459,"Son of T. Kl. Leonides (154), second Leonid to hold Daduchy"
Ti. Kl. Leonides Lysiadou,Athens,Male,Tiberius Claudius Leonides Lysiadou,Melite,True,True,Leonid,Claudii of Melite,1,0,0,1,1,0,0,1,154,,,,False,2460,"Father of  T. Kl Lysidaes (155). Founder of Leonid Line, first to hold the daduchy"
Sekoundos the Eumolpid,Rome,Male,Secundus,,True,True,,,1,1,0,0,1,0,0,1,,,,,False,2461,
Attikos Eudoxou,Athens,Male,Attikos Eudoxou,,True,False,,,2,0,0,0,0,0,0,0,,,,,False,2462,
M. Aur. Prosdektos Pistokrates,Athens,Male,Marcus Aurelius Prosdektos Pistokrates,,True,True,,,1,1,0,3,4,1,0,2,,,,,False,2463,
M Gavius Gallicanus,Rome,Male,Marcus Gavius Gallicanus,,False,True,,,1,0,0,0,1,0,1,0,,,,,False,2464,
M Gavius Scyillus,Rome,Male,Marcus Gavius Skillos,,False,True,,,1,0,0,0,0,0,0,0,,,,,False,2465,
M. Gavius Skyillos II,Rome,Male,Marcus Gavius Skillos,,False,True,,,1,0,0,0,0,0,0,0,,,,,False,2466,
P. Herennios Ptolemaios P. Herenniou,Athens,Male,Publius Herennius Ptolemaios Herenneiou,,True,True,,TBD,2,0,0,1,2,1,0,0,,,,,False,2467,
Xenagoras II  Xenagorou,Athens,Male,Xenagoras Xenagorou,,True,False,,TBD,1,2,0,0,1,0,0,1,,,,,False,2468,
Xenagoras I,Athens,Male,Xenagoras,,True,False,,TBD,1,0,1,0,0,0,0,0,,,,,False,2469,
Praxagora [?],Athens,Female,Praxagora,,True,False,,TBD,1,0,1,0,0,0,0,0,,,,,False,2470,
Licinius Kallistomakhos,Athens,Male,Licinius Kallistomakhos,,True,True,,,1,0,1,0,0,0,0,0,,,,,False,2471,
Kl. Kallistomakhos,Athens,Male,Claudius Kallistomakhos,,True,True,,,1,1,0,0,2,0,1,0,,,,,False,2472,
Carracalla,Rome,Male,Carracalla,,False,True,Severan,Imperial,1,0,0,0,0,0,0,0,,,,,False,2473,
Geta,Rome,Male,Geta,,False,True,Severan,Imperial,1,0,0,0,1,0,1,0,,,,,False,2474,
Fl. Plautianos,Athens,Male,Flavius Plautianos,,True,True,,,1,3,0,1,2,0,2,0,,,,,False,2475,
Hierophant Apollinarios,Athens,Male,Apollinarios,,True,False,,TBD,1,0,0,1,1,0,0,1,,,,,False,2476,
Kl. Menandra II,Athens,Female,Menandra,,True,True,,TBD,1,3,0,0,0,0,0,0,,,,,False,2477,
Roupheina,Rome,Female,Rufina,,False,True,,,1,1,0,0,0,0,0,0,,,,,False,2478,
Iul. Mousonios,Athens,Male,Iulius Mousonios,,True,True,,,1,0,0,3,5,2,0,0,,,,,False,2479,
Iul. Hierokeryx,Athens,Male,Iulius,,True,True,,,1,0,0,1,1,0,0,1,,,,,False,2480,
Ptolemais Serenou of Gaza,Athens,Male,Ptolemais Serenou,,True,False,,,1,1,0,0,1,0,0,0,,,,,False,2481,
Aur. Magna,Athens,Female,Aurelia Magna Magna,,True,True,,,1,3,0,0,1,0,0,1,,,,,False,2482,
Hermione II,Athens,Female,Hermione,,True,False,,,1,0,0,0,0,0,0,0,,,,,False,2483,
Aur. Epaphrodeitos Asklepiadou,Athens,Male,Aurelius Epaphrodeitos Asklepiadou,,True,True,,,1,0,1,0,0,0,0,0,,,,,False,2484,
Aur. Magna II Magnou,Athens,Female,Aurelia Magna Magnou,,True,True,,,1,0,1,0,0,0,0,0,,,,,False,2485,
Aur. Paramona Paramonou,Athens,Female,Aurelia Paramona Paramonou,,True,True,,,1,1,0,0,0,0,0,0,,,,,False,2486,
Aur. Deidameia,Athens,Female,Aurelia Deidameia,,True,True,,,1,0,0,0,0,0,0,0,,,,,False,2487,
Apollonios Apolloniou II,Athens,Male,Apollonios Apolloniou,,True,True,,,2,0,0,0,0,0,0,0,,,,,False,2488,
Arabianus,Athens,Male,Arabianus,,False,True,,,1,0,0,1,1,1,0,0,,,,,False,2489,
Eutykhos,Athens,Male,Eutykhos,,True,False,,,1,0,0,1,1,1,0,0,,,,,False,2490,
Dryantianos,Athens,Male,Dryantianos,,True,False,,,1,0,0,1,2,0,0,1,,,,,False,2491,
Honoratiane Polykharmis Polykharmou,Athens,Female,Honoratiane Polykharmis Polykharmou,,True,True,Demostratid-Leonid,Claudii of Melite,2,0,0,1,2,0,0,2,,,,,False,2492,
Fabius [.],Other/Uncertain,Uncertain,Fabius,,False,True,,,1,0,0,0,1,0,0,1,,,,,True,2493,
Flavia Prokleiane,Athens,Female,Flavia Prokleiane,,True,True,,,1,0,0,0,0,0,0,0,,,,,False,2494,
Fabius Demetrios,Athens,Male,Fabius Demetrios,,True,True,,,1,0,0,0,0,0,0,0,,,,,False,2495,
Fabius Aemelianos,Athens,Male,Fabius Aemilianus,,True,True,,,1,0,0,0,0,0,0,0,,,,,False,2496,
Fabius Proclus,Athens,Male,Fabius Proclus,,True,True,,,1,0,0,0,0,0,0,0,,,,,False,2497,
Eunnike Kallaiskhros,Athens,Female,Eunnike Kallaiskhrou,,True,False,,,1,0,0,0,0,0,0,0,,,,,False,2498,
Sedata,Athens,Male,Sedata,,False,False,,,1,0,0,0,0,0,0,0,,,,,False,2499,
Polyzelos Xeinagorou,Athens,Male,Polyzelos Xeiagorou,,True,False,,,1,0,0,0,1,0,0,1,,,,,False,2500,
Hermippis,Athens,Male,Hermippis,,True,False,,,1,0,0,1,1,0,0,1,,,,,False,2501,
M. Ulpius Eubiotos Leuros Gargettios,Athens,Male,Marcus Ulpius Eubiotos Leuros,Gargettos,True,True,,,1,0,0,0,2,0,2,0,,,,,False,2502,
Casianus Hierokeryx,Athens,Male,Casianus Casianus Hierokeryx,,True,True,,,1,3,0,4,5,3,1,1,,,,,False,2503,
T. Fl. Glaukos Glaukou,Athens,Male,Titus Flavius Glaukos Glakou,,True,True,,,1,0,0,1,1,0,0,1,,,,,False,2504,
Emperor Maximinus,Rome,Male,Maximinus,,False,True,,,1,0,0,0,1,0,1,0,,,,,False,2505,
Iun. Themistoklea Polykharmidos,Athens,Female,Iuniua Themistoklea Polkharmidos,,True,True,Polycharmid-Demostratid-Leonid,Claudii of Melite,1,0,0,0,0,0,0,0,,,,,False,2506,
Perikles,Athens,Male,Perikles,,True,False,,,1,0,0,0,0,0,0,0,,,,,False,2507,
Alexander the Great,Athens,Male,Alexander,,True,False,,,1,0,0,0,0,0,0,0,,,,,False,2508,
[?] Hierophant,Athens,Male,,,True,False,,,1,0,0,1,1,0,0,1,,,,,True,2509,
[?] Daughter of Glaukos,Athens,Female,Glaukou,,True,False,,,1,0,0,0,0,0,0,0,,,,,True,2510,
"Nikagoras, Hierokeryx",Athens,Male,Nikagoras,,True,False,,,1,0,0,1,2,0,0,1,,,,,False,2511,
Plutarch,Boiotia,Male,Plutarch,,False,True,,,1,0,0,0,0,0,0,0,,,,,False,2512,
Sextus,Boiotia,Male,Sextus,,False,True,,,1,0,0,0,0,0,0,0,,,,,False,2513,
Dionysia Hermippidos,Athens,Female,Dionysia Hermippidos,,True,False,,,1,0,0,0,0,0,0,0,,,,,False,2514,
[?] Relative of an Orator,Other/Uncertain,Uncertain,,,False,False,,,1,0,0,0,0,0,0,0,,,,,True,2515,
"T. Fl., Altar-Priest",Athens,Male,Titus Flavius,Akharnai,True,True,Titii Flavii of Acharnai,,1,0,0,1,1,0,0,1,,,,,False,2516,116
"Aerarius Sosipatros, Daduch",Athens,Male,Aerarius Sosipatros,,True,True,,,1,3,0,1,1,0,0,1,,,,,False,2517,
Damoteles,Athens,Male,Damoteles,,True,False,,,1,0,0,1,1,0,0,1,,,,,False,2518,
Thisbianos,Athens,Male,Thisbianos,,True,False,,,1,0,0,1,1,0,0,1,,,,,False,2519,
Emperor Gallienus,Rome,Male,Gallienus,,False,True,,,1,0,0,0,1,0,1,0,,,,,False,2520,
Iun. Minucianus,Rome,Male,Iunius Minucianus,,False,True,,,1,0,0,0,0,0,0,0,,,,,False,2521,
P. Ail. Herennius Dexippos,Athens,Male,Publius Aelius Herennius Dexippos,,True,True,,,1,0,0,2,3,2,1,0,,,,,False,2522,
Pyrros,Athens,Male,Pyrros,,True,False,,,1,0,0,0,1,0,0,1,,,,,False,2523,
Roupheinos,Athens,Male,Rufinus,,True,True,,,1,0,0,0,1,0,0,1,,,,,False,2524,
Eunike Kallaiskhrou,Athens,Male,Eunike Kallaiskhrou,,True,False,,,1,0,0,0,0,0,0,0,,,,,False,2525,
Thaleia,Athens,Female,Thaleia,,True,False,,,1,0,0,0,0,0,0,0,,,,,False,2526,
Kallaiskhros,Athens,Male,Kallaiskhros,,True,False,,,1,0,0,0,0,0,0,0,,,,,False,2527,
Eisaios,Athens,Male,Eisaios,,True,False,,,1,0,0,1,1,0,0,1,,,,,False,2528,
Isidote,Athens,Female,Isidote,,True,False,,,1,0,0,0,0,0,0,0,,,,,False,2529,
Zoilos,Athens,Male,Zoilos,,True,False,,,1,0,0,1,1,0,0,1,,,,,False,2530,
Hierophant Glaukos,Athens,Male,Glaukos,,True,False,,,1,0,0,0,0,0,0,0,,,,,False,2531,
Emperor Diocletian,Rome,Male,Diocletian,,False,True,,,1,0,0,0,1,0,1,0,,,,,False,2532,
Emperor Maximianus,Rome,Male,Maximianus,,False,True,,,1,1,0,0,1,0,1,0,,,,,False,2533,
[?] Proconsul,Rome,Male,,,False,True,,,1,0,0,0,1,0,1,0,,,,,True,2534,
[?] Ptolemaios,Athens,Male,,,True,False,,,1,0,0,0,0,0,0,0,,,,,True,2535,
[?] Exegete of Eumolpidai?,Athens,Male,,,True,False,,,1,0,0,1,1,0,0,1,,,,,True,2536,
Gn. [?],Athens,Male,,,False,True,,,1,0,0,0,0,0,0,0,,,,,True,2537,
Epigonos ,Athens,Male,Epigonos,,True,False,,,1,0,0,0,0,0,0,0,,,,,False,2538,
Artemisia,Athens,Male,Artemisia,,True,False,,,1,0,0,0,0,0,0,0,,,,,False,2539,
[?] Emperor,Rome,Male,,,False,True,,,1,0,0,0,1,0,1,0,,,,,True,2540,
T. Kl. Hierophantes Kallikratidou Trikorysios,Athens,Male,Tiberius Claudius Kallikratidou,Trikorysios,True,True,,,0,0,0,8,11,8,2,1,,,,,False,2541,
Xenokles Sophokleou Akharneus,Athens,Male,Xenokles Sophokleou,Akharnai,True,False,,,0,0,0,0,0,0,0,0,,,,,False,2542,
Theophratos of Hagnous,Athens,Male,Theophrastos Kephisodorou,Hagnous,True,False,,,0,0,0,0,0,0,0,0,,,,,False,2543,
