"Sponsor ID","Honorand ID","Inscription ID","Sponsor Name","Sponsor Category","Sponsor Origin","Sponsor Gender","Sponsor Type","Sponsor Class","Sponsor Athenian Citizenship","Sponsor Roman Citizenship","Sponsor Family","Sponsor Extended Family","Sponsor Demotic","Sponsor Uncertain Person","Honorand Name","Honorand Category","Honorand Origin","Honorand Gender","Honorand Type","Honorand Class","Honorand Athenian Citizenship","Honorand Roman Citizenship","Honorand Family","Honorand Extended Family","Honorand Uncertain Person","Honorand Demotic","Inscription","Object Type","Inscription Type","Likely Site","Date","Date Span"
"1002","2000","267","Demos","Athenian","Athens","","Public","Institution","","","","","","","UNC Kanephoros","Athenian","Athens","Male","","Person","t","f","","","t","","Statue Base for an Unknown Kanephoros","Base","Dedication","Outer Courtyard","-87.5","25"
"1001","2000","267","Boule","Athenian","Athens","","Public","Institution","","","","","","","UNC Kanephoros","Athenian","Athens","Male","","Person","t","f","","","t","","Statue Base for an Unknown Kanephoros","Base","Dedication","Outer Courtyard","-87.5","25"
"1004","2012","271","Dionysiac Technitai","Athenian","Athens","","Private","Institution","","","","","","","Philemon","Athenian","Athens","Male","","Person","t","f","","","f","","Honorary Decree of the Synod of Dionysiac Artists in Honor of their Epimelete Philemon","Base","Decree","","-73","6"
"1002","2019","275","Demos","Athenian","Athens","","Public","Institution","","","","","","","Medeios Medeiou","Athenian","Athens","Male","","Person","t","f","Medeiotes","","f","Peiraieus","Statue Base for Medeios Medeiou Peiraieus, Exegete of the Eumolpidai","Base","Dedication","North of the Telesterion","-60","10"
"1001","2019","275","Boule","Athenian","Athens","","Public","Institution","","","","","","","Medeios Medeiou","Athenian","Athens","Male","","Person","t","f","Medeiotes","","f","Peiraieus","Statue Base for Medeios Medeiou Peiraieus, Exegete of the Eumolpidai","Base","Dedication","North of the Telesterion","-60","10"
"1001","2022","274","Boule","Athenian","Athens","","Public","Institution","","","","","","","[?] Tamias","Athenian","Athens","Male","","Person","t","f","","","f","","Dedication in Honor of a Tamias","Base","Dedication","","-61.5","1"
"1002","2023","276","Demos","Athenian","Athens","","Public","Institution","","","","","","","T. Pinarius","Roman","Rome","Male","","Person","f","t","","","f","","Statue Base for Titus Pinarius","Base","Dedication","","-50","10"
"1002","2027","280","Demos","Athenian","Athens","","Public","Institution","","","","","","","Kleo Dionysiou","Athenian","Athens","Female","","Person","t","f","","","f","Ikarion","Statue Base for Kleo, Daughter of Dionysios Lakrateidou Ikarieus","Base","Dedication","Between the Propylaea","-50","20"
"1002","2029","282","Demos","Athenian","Athens","","Public","Institution","","","","","","","[?] Heath-Initiate","Athenian","Athens","Uncertain","","Person","t","f","","","f","","Statue Base for Unknown Hearth-Initiate","Stele","Dedication","Between the Propylaea","-50","20"
"1001","2029","282","Boule","Athenian","Athens","","Public","Institution","","","","","","","[?] Heath-Initiate","Athenian","Athens","Uncertain","","Person","t","f","","","f","","Statue Base for Unknown Hearth-Initiate","Stele","Dedication","Between the Propylaea","-50","20"
"1001","2030","283","Boule","Athenian","Athens","","Public","Institution","","","","","","","[?] Heath-Initiate","Athenian","Athens","Uncertain","","Person","t","f","","","f","","Statue Base for an Unknown Hearth-Initiate","Base","Dedication","Between the Propylaea","-50","20"
"1002","2032","285","Demos","Athenian","Athens","","Public","Institution","","","","","","","[?] Daduch from Hagnous","Athenian","Athens","Male","","Person","t","f","Themistokleidai","","f","Hagnous","Statue Base for an Unknown Daduch of Hagnous","Base","Dedication","","-40","20"
"1002","2033","286","Demos","Athenian","Athens","","Public","Institution","","","","","","","Dionysios Athenagorou","Athenian","Athens","Male","","Person","t","f","Athenagoridai","","f","Melite","Statue Base for Dionysios Athenagorou Meliteus","Base","Dedication","Between the Propylaea","-37.5","25"
"1002","2037","288","Demos","Athenian","Athens","","Public","Institution","","","","","","","[?] Hierophantis Amphiou","Athenian","Athens","Female","","Person","t","f","","","f","","State Base for Hierophantis Amphiou Philadou","Base","Dedication","","-32.5","35"
"1002","2038","289","Demos","Athenian","Athens","","Public","Institution","","","","","","","L. Munatius Plancus","Roman","Rome","Male","","Person","f","t","","","f","","Statue Base for Lucius Munatius Plancus","Base","Dedication","South Wall","-36","10"
"1002","2042","678","Demos","Athenian","Athens","","Public","Institution","","","","","","","Khrysothemis Phaidrou","Athenian","Athens","Female","","Person","t","f","Lysiadidai","","f","Berenikidai","Statue Base for Khrysothemis Phaidrou Berenikides, Dedicated by the Demos","Base","Dedication","","-40","10"
"1002","2045","677","Demos","Athenian","Athens","","Public","Institution","","","","","","","Lysiades Phaidrou","Athenian","Athens","Female","","Person","t","f","","","f","Berenikidai","Statue Base for Lysiades Phaidrou Berenikides, Dedicated by the Demos","Base","Dedication","","-40","10"
"1002","2046","292","Demos","Athenian","Athens","","Public","Institution","","","","","","","Sempronia","Roman","Rome","Female","","Person","f","t","","","f","","Statue Base for Sempronia L.F. Atratina","Base","Dedication","","-39.5","11"
"1002","2050","295","Demos","Athenian","Athens","","Public","Institution","","","","","","","Kallikratides Syndromou","Athenian","Athens","Male","","Person","t","f","","","f","","Statue Base for Kallikratides Syndromou Trikorysios, Hoplite General","Base","Dedication","South Wall","-32.5","5"
"1001","2050","295","Boule","Athenian","Athens","","Public","Institution","","","","","","","Kallikratides Syndromou","Athenian","Athens","Male","","Person","t","f","","","f","","Statue Base for Kallikratides Syndromou Trikorysios, Hoplite General","Base","Dedication","South Wall","-32.5","5"
"1000","2050","295","Areopagus","Athenian","Athens","","Public","Institution","","","","","","","Kallikratides Syndromou","Athenian","Athens","Male","","Person","t","f","","","f","","Statue Base for Kallikratides Syndromou Trikorysios, Hoplite General","Base","Dedication","South Wall","-32.5","5"
"1002","2051","703","Demos","Athenian","Athens","","Public","Institution","","","","","","","Livia Drusilla","Roman","Rome","Female","","Person","f","t","","","f","","Livia Drousilla, Wife of the Emperor Augustus Caesar","Building or Monument","Dedication","","-26","10"
"1002","2052","704","Demos","Athenian","Athens","","Public","Institution","","","","","","","Augustus","Imperial Family Member","Rome","Male","","Person","f","t","","","f","","Statue Base for the Emperor Augustus Caesar, Son of the Divine Iulius, Dedicated by the Demos","Building or Monument","Dedication","","-26","10"
"1002","2054","679","Demos","Athenian","Athens","","Public","Institution","","","","","","","Theophrastos Themistokleous","Athenian","Athens","Male","","Person","t","f","","","f","Hagnous","Statue Base for the Daduch Theophrastos, son of the Daduch Themistokles of Hagnousios, Dedicated by the Demos","Base","Dedication","","-20","10"
"1002","2054","298","Demos","Athenian","Athens","","Public","Institution","","","","","","","Theophrastos Themistokleous","Athenian","Athens","Male","","Person","t","f","","","f","Hagnous","Statue Base for Theophrastos Themistokleous Hagnousios, Daduch","Base","Dedication","","-25","10"
"1002","2091","680","Demos","Athenian","Athens","","Public","Institution","","","","","","","Themistokles II Theophrastou","Athenian","Athens","Male","","Person","t","f","","","f","","Statue Base for the Daduch Themistokles, Son of the Daduch Themistokles, Dedicated by the Demos","Base","Dedication","","-20","10"
"1002","2091","300","Demos","Athenian","Athens","","Public","Institution","","","","","","","Themistokles II Theophrastou","Athenian","Athens","Male","","Person","t","f","","","f","","Honorary Decree for Themistokles Theophrastou Hagnousios","Base","Decree","","-25","10"
"1001","2091","300","Boule","Athenian","Athens","","Public","Institution","","","","","","","Themistokles II Theophrastou","Athenian","Athens","Male","","Person","t","f","","","f","","Honorary Decree for Themistokles Theophrastou Hagnousios","Base","Decree","","-25","10"
"1002","2103","681","Demos","Athenian","Athens","","Public","Institution","","","","","","","Sophokles Theophrastou","Athenian","Athens","Male","","Person","t","f","","","f","","Statue Base Sophokles, Son of Theophrastos, of Hagnous","Base","Dedication","","-20","10"
"1002","2104","302","Demos","Athenian","Athens","","Public","Institution","","","","","","","[?] Hearth-Initiate Themistokleous","Athenian","Athens","Male","","Person","t","f","","","f","","Statue Base for an Unknown Hearth-Initiate, son of Themistokles Hagnousios","Base","Dedication","Before the Telestrion","-13","24"
"1002","2106","305","Demos","Athenian","Athens","","Public","Institution","","","","","","","Polyainos Nikandrou","Athenian","Athens","Male","","Person","t","f","","","f","","Statue Base for Polyainos Nikandrou Sounieus","Base","Dedication","","-13","24"
"1001","2106","305","Boule","Athenian","Athens","","Public","Institution","","","","","","","Polyainos Nikandrou","Athenian","Athens","Male","","Person","t","f","","","f","","Statue Base for Polyainos Nikandrou Sounieus","Base","Dedication","","-13","24"
"1002","2111","308","Demos","Athenian","Athens","","Public","Institution","","","","","","","Diodotos Kalliphontos","Athenian","Athens","Male","","Person","t","f","","","f","","Statue Base for Diodotos Kalliphontos Pamotades","Base","Dedication","","-50.5","99"
"1000","2114","312","Areopagus","Athenian","Athens","","Public","Institution","","","","","","","Dionysios Dionysiou","Athenian","Athens","Male","","Person","t","f","","","f","","Statue Base for Dionysios Son of Dionysios","Stele","Dedication","","50","300"
"1002","2121","323","Demos","Athenian","Athens","","Public","Institution","","","","","","","Atheno Niketou","Athenian","Athens","Male","","Person","t","f","","","f","","Statue Base for Atheno Niketou Hagnousiou, Hearth-Initiate","Base","Dedication","","0","50"
"1001","2121","323","Boule","Athenian","Athens","","Public","Institution","","","","","","","Atheno Niketou","Athenian","Athens","Male","","Person","t","f","","","f","","Statue Base for Atheno Niketou Hagnousiou, Hearth-Initiate","Base","Dedication","","0","50"
"1000","2121","323","Areopagus","Athenian","Athens","","Public","Institution","","","","","","","Atheno Niketou","Athenian","Athens","Male","","Person","t","f","","","f","","Statue Base for Atheno Niketou Hagnousiou, Hearth-Initiate","Base","Dedication","","0","50"
"1015","2122","324","Eumolpidai","Eleusinian","Eleusis","","Genos","Institution","","","","","","","Pammenes Pammenous","Athenian","Athens","Male","","Person","t","f","","","f","","Statue Base for Pammenes Pammenous Marathonios, Exegete of the Eumolpidai","Base","Dedication","Before the Telestrion","13","24"
"1002","2122","324","Demos","Athenian","Athens","","Public","Institution","","","","","","","Pammenes Pammenous","Athenian","Athens","Male","","Person","t","f","","","f","","Statue Base for Pammenes Pammenous Marathonios, Exegete of the Eumolpidai","Base","Dedication","Before the Telestrion","13","24"
"1001","2122","324","Boule","Athenian","Athens","","Public","Institution","","","","","","","Pammenes Pammenous","Athenian","Athens","Male","","Person","t","f","","","f","","Statue Base for Pammenes Pammenous Marathonios, Exegete of the Eumolpidai","Base","Dedication","Before the Telestrion","13","24"
"1000","2122","324","Areopagus","Athenian","Athens","","Public","Institution","","","","","","","Pammenes Pammenous","Athenian","Athens","Male","","Person","t","f","","","f","","Statue Base for Pammenes Pammenous Marathonios, Exegete of the Eumolpidai","Base","Dedication","Before the Telestrion","13","24"
"1002","2123","325","Demos","Athenian","Athens","","Public","Institution","","","","","","","Hierophantis Mos[kh.]","Athenian","Athens","Female","","Person","t","f","","","t","","Statue Base for a Unknown Hierophantis","Base","Dedication","","13","24"
"1002","2124","327","Demos","Athenian","Athens","","Public","Institution","","","","","","","Antamenes Leontikhou","Athenian","Athens","Male","","Person","t","f","","","f","","Statue Base for Antamenes Leontichou Epieikides","Base","Dedication","Outer Courtyard","13","24"
"1000","2124","327","Areopagus","Athenian","Athens","","Public","Institution","","","","","","","Antamenes Leontikhou","Athenian","Athens","Male","","Person","t","f","","","f","","Statue Base for Antamenes Leontichou Epieikides","Base","Dedication","Outer Courtyard","13","24"
"1001","2127","329","Boule","Athenian","Athens","","Public","Institution","","","","","","","[O?]knia Polykharmou","Athenian","Athens","Female","","Person","f","f","","","t","","Statue Base for an Unknown Hearth-Initiate, Daughter of Polycharmos of Azenia","Other/Fragment","Dedication","","-6.5","41"
"1002","2128","330","Demos","Athenian","Athens","","Public","Institution","","","","","","","Polykharmos Polykritos","Athenian","Athens","Male","","Person","t","f","","","f","","Statue Base for Polycharmos Polykritou Azenieus","Base","Dedication","","-6.5","41"
"1001","2128","329","Boule","Athenian","Athens","","Public","Institution","","","","","","","Polykharmos Polykritos","Athenian","Athens","Male","","Person","t","f","","","f","","Statue Base for an Unknown Hearth-Initiate, Daughter of Polycharmos of Azenia","Other/Fragment","Dedication","","-6.5","41"
"1002","2129","334","Demos","Athenian","Athens","","Public","Institution","","","","","","","Emperor Tiberius","Imperial Family Member","Rome","Male","","Person","f","t","","","f","","Monument for Emperor Tiberius","Base","Dedication","","20","10"
"1001","2129","334","Boule","Athenian","Athens","","Public","Institution","","","","","","","Emperor Tiberius","Imperial Family Member","Rome","Male","","Person","f","t","","","f","","Monument for Emperor Tiberius","Base","Dedication","","20","10"
"1000","2129","334","Areopagus","Athenian","Athens","","Public","Institution","","","","","","","Emperor Tiberius","Imperial Family Member","Rome","Male","","Person","f","t","","","f","","Monument for Emperor Tiberius","Base","Dedication","","20","10"
"1002","2134","335","Demos","Athenian","Athens","","Public","Institution","","","","","","","Iulia Augusta","Imperial Family Member","Rome","Female","","Person","f","t","","","f","","Monument for Iulia Augusta","Other/Fragment","Dedication","","25","10"
"1001","2134","335","Boule","Athenian","Athens","","Public","Institution","","","","","","","Iulia Augusta","Imperial Family Member","Rome","Female","","Person","f","t","","","f","","Monument for Iulia Augusta","Other/Fragment","Dedication","","25","10"
"1000","2134","335","Areopagus","Athenian","Athens","","Public","Institution","","","","","","","Iulia Augusta","Imperial Family Member","Rome","Female","","Person","f","t","","","f","","Monument for Iulia Augusta","Other/Fragment","Dedication","","25","10"
"1002","2140","345","Demos","Athenian","Athens","","Public","Institution","","","","","","","T. Statilius Lamprias","Roman","Rome","Male","","Person","f","t","","","f","","Statue Base for Titus Statilius Lamprias","Base","Dedication","","43","10"
"1001","2140","345","Boule","Athenian","Athens","","Public","Institution","","","","","","","T. Statilius Lamprias","Roman","Rome","Male","","Person","f","t","","","f","","Statue Base for Titus Statilius Lamprias","Base","Dedication","","43","10"
"1000","2140","345","Areopagus","Athenian","Athens","","Public","Institution","","","","","","","T. Statilius Lamprias","Roman","Rome","Male","","Person","f","t","","","f","","Statue Base for Titus Statilius Lamprias","Base","Dedication","","43","10"
"1002","2142","682","Demos","Athenian","Athens","","Public","Institution","","","","","","","P. Papinius Statius","Roman","Rome","Male","","Person","f","t","","","f","","Statue Base for P. Papinus Statius, Dedicated by the Areopagus","Base","Dedication","","50","50"
"1000","2142","682","Areopagus","Athenian","Athens","","Public","Institution","","","","","","","P. Papinius Statius","Roman","Rome","Male","","Person","f","t","","","f","","Statue Base for P. Papinus Statius, Dedicated by the Areopagus","Base","Dedication","","50","50"
"1002","2144","348","Demos","Athenian","Athens","","Public","Institution","","","","","","","Diokles Themistokles Hagnousios","Athenian","Athens","Male","","Person","t","f","","","f","","Statue Base for Diokles Themistokleous Hagnousios","Base","Dedication","","50","20"
"1001","2144","348","Boule","Athenian","Athens","","Public","Institution","","","","","","","Diokles Themistokles Hagnousios","Athenian","Athens","Male","","Person","t","f","","","f","","Statue Base for Diokles Themistokleous Hagnousios","Base","Dedication","","50","20"
"1000","2144","348","Areopagus","Athenian","Athens","","Public","Institution","","","","","","","Diokles Themistokles Hagnousios","Athenian","Athens","Male","","Person","t","f","","","f","","Statue Base for Diokles Themistokleous Hagnousios","Base","Dedication","","50","20"
"1002","2145","349","Demos","Athenian","Athens","","Public","Institution","","","","","","","Athenais Diokleous","Athenian","Athens","Female","","Person","t","f","","","f","","Statue Base for Athenais, Daughter of Diokles Hagnousios","Stele","Dedication","Before the Telestrion","50","20"
"1001","2145","349","Boule","Athenian","Athens","","Public","Institution","","","","","","","Athenais Diokleous","Athenian","Athens","Female","","Person","t","f","","","f","","Statue Base for Athenais, Daughter of Diokles Hagnousios","Stele","Dedication","Before the Telestrion","50","20"
"1000","2145","349","Areopagus","Athenian","Athens","","Public","Institution","","","","","","","Athenais Diokleous","Athenian","Athens","Female","","Person","t","f","","","f","","Statue Base for Athenais, Daughter of Diokles Hagnousios","Stele","Dedication","Before the Telestrion","50","20"
"1002","2147","351","Demos","Athenian","Athens","","Public","Institution","","","","","","","Seilon Apolloniou","Athenian","Athens","Male","","Person","t","f","","","f","","Statue Base for Seilon Apolloniou Meliteus, Hearth-Initiate","Base","Dedication","","50","20"
"1001","2147","351","Boule","Athenian","Athens","","Public","Institution","","","","","","","Seilon Apolloniou","Athenian","Athens","Male","","Person","t","f","","","f","","Statue Base for Seilon Apolloniou Meliteus, Hearth-Initiate","Base","Dedication","","50","20"
"1000","2147","351","Areopagus","Athenian","Athens","","Public","Institution","","","","","","","Seilon Apolloniou","Athenian","Athens","Male","","Person","t","f","","","f","","Statue Base for Seilon Apolloniou Meliteus, Hearth-Initiate","Base","Dedication","","50","20"
"1002","2149","352","Demos","Athenian","Athens","","Public","Institution","","","","","","","G. Caecilius Cassius","Roman","Rome","Male","","Person","f","t","","","f","","Statue Base for Caius Caecilius Kasios, Acharneus","Base","Dedication","Before the Telestrion","50","20"
"1001","2149","352","Boule","Athenian","Athens","","Public","Institution","","","","","","","G. Caecilius Cassius","Roman","Rome","Male","","Person","f","t","","","f","","Statue Base for Caius Caecilius Kasios, Acharneus","Base","Dedication","Before the Telestrion","50","20"
"1000","2149","352","Areopagus","Athenian","Athens","","Public","Institution","","","","","","","G. Caecilius Cassius","Roman","Rome","Male","","Person","f","t","","","f","","Statue Base for Caius Caecilius Kasios, Acharneus","Base","Dedication","Before the Telestrion","50","20"
"1002","2150","353","Demos","Athenian","Athens","","Public","Institution","","","","","","","Statilia [.]","Roman","Rome","Female","","Person","f","t","","","t","","Statue Base for an Unknown Daughter of Statilius of Sphettos","Building or Monument","Dedication","","50","20"
"1001","2150","353","Boule","Athenian","Athens","","Public","Institution","","","","","","","Statilia [.]","Roman","Rome","Female","","Person","f","t","","","t","","Statue Base for an Unknown Daughter of Statilius of Sphettos","Building or Monument","Dedication","","50","20"
"1000","2150","353","Areopagus","Athenian","Athens","","Public","Institution","","","","","","","Statilia [.]","Roman","Rome","Female","","Person","f","t","","","t","","Statue Base for an Unknown Daughter of Statilius of Sphettos","Building or Monument","Dedication","","50","20"
"1002","2162","362","Demos","Athenian","Athens","","Public","Institution","","","","","","","Iul. Nikanor","Other Greek","Syria","Male","","Person","f","t","","","f","","Status Base for Iulius Nikanor, New Homer and New Themistokles","Base","Dedication","","60","10"
"1001","2162","362","Boule","Athenian","Athens","","Public","Institution","","","","","","","Iul. Nikanor","Other Greek","Syria","Male","","Person","f","t","","","f","","Status Base for Iulius Nikanor, New Homer and New Themistokles","Base","Dedication","","60","10"
"1000","2162","362","Areopagus","Athenian","Athens","","Public","Institution","","","","","","","Iul. Nikanor","Other Greek","Syria","Male","","Person","f","t","","","f","","Status Base for Iulius Nikanor, New Homer and New Themistokles","Base","Dedication","","60","10"
"1001","2183","378","Boule","Athenian","Athens","","Public","Institution","","","","","","","Eraton Eratonos","Athenian","Athens","Male","","Person","t","f","","","f","","Statue Base for Eraton Eratonos Besaieus","Base","Dedication","","50.5","99"
"1000","2183","378","Areopagus","Athenian","Athens","","Public","Institution","","","","","","","Eraton Eratonos","Athenian","Athens","Male","","Person","t","f","","","f","","Statue Base for Eraton Eratonos Besaieus","Base","Dedication","","50.5","99"
"1002","2186","381","Demos","Athenian","Athens","","Public","Institution","","","","","","","[.]ppos Herokleitou","Athenian","Athens","Male","","Person","t","f","","","f","","Statue Base for a [-]ppos Herakleitou Gargettios","Base","Dedication","","50.5","99"
"1002","2189","383","Demos","Athenian","Athens","","Public","Institution","","","","","","","T. Fl [?]","Athenian","Athens","Uncertain","","Person","f","f","","","t","","Statue Base for a T. Flavius","Building or Monument","Dedication","","50.5","99"
"1001","2189","383","Boule","Athenian","Athens","","Public","Institution","","","","","","","T. Fl [?]","Athenian","Athens","Uncertain","","Person","f","f","","","t","","Statue Base for a T. Flavius","Building or Monument","Dedication","","50.5","99"
"1000","2189","383","Areopagus","Athenian","Athens","","Public","Institution","","","","","","","T. Fl [?]","Athenian","Athens","Uncertain","","Person","f","f","","","t","","Statue Base for a T. Flavius","Building or Monument","Dedication","","50.5","99"
"1002","2196","389","Demos","Athenian","Athens","","Public","Institution","","","","","","","Tryphon Phylasios","Athenian","Athens","Male","","Person","t","f","","","f","","Son of Tryphon Phylasios","Building or Monument","Dedication","","50.5","99"
"1001","2196","389","Boule","Athenian","Athens","","Public","Institution","","","","","","","Tryphon Phylasios","Athenian","Athens","Male","","Person","t","f","","","f","","Son of Tryphon Phylasios","Building or Monument","Dedication","","50.5","99"
"1000","2196","389","Areopagus","Athenian","Athens","","Public","Institution","","","","","","","Tryphon Phylasios","Athenian","Athens","Male","","Person","t","f","","","f","","Son of Tryphon Phylasios","Building or Monument","Dedication","","50.5","99"
"1001","2198","394","Boule","Athenian","Athens","","Public","Institution","","","","","","","[?] Kanephoros","Athenian","Athens","Male","","Person","t","f","","","f","","Dedication to Dionysios Lenaios","Base","Dedication","","100.5","199"
"1002","2201","396","Demos","Athenian","Athens","","Public","Institution","","","","","","","[?] Daughter of [.]dous","Athenian","Athens","Female","","Person","t","f","","","f","","Statue Base for an Unknown Hearth-Initiate","Base","Dedication","","100.5","199"
"1002","2212","402","Demos","Athenian","Athens","","Public","Institution","","","","","","","T. [?]","Athenian","Athens","Uncertain","","Person","f","t","","","t","","Statue Base for an Unknown Individual","Base","Dedication","","100.5","199"
"1001","2212","402","Boule","Athenian","Athens","","Public","Institution","","","","","","","T. [?]","Athenian","Athens","Uncertain","","Person","f","t","","","t","","Statue Base for an Unknown Individual","Base","Dedication","","100.5","199"
"1000","2212","402","Areopagus","Athenian","Athens","","Public","Institution","","","","","","","T. [?]","Athenian","Athens","Uncertain","","Person","f","t","","","t","","Statue Base for an Unknown Individual","Base","Dedication","","100.5","199"
"1017","2225","435","Lykomidai","Athenian","Athens","","Genos","Institution","","","","","","","[?] Priest","Athenian","Athens","Male","","Person","t","f","","","t","","Statue Base for an Unknown Individual, Dedicated by the Eumolpidai, Lykomidai","Base","Dedication","Before the Telestrion","125","40"
"1015","2225","435","Eumolpidai","Eleusinian","Eleusis","","Genos","Institution","","","","","","","[?] Priest","Athenian","Athens","Male","","Person","t","f","","","t","","Statue Base for an Unknown Individual, Dedicated by the Eumolpidai, Lykomidai","Base","Dedication","Before the Telestrion","125","40"
"1009","2226","438","Boule of Korinth","Greek","Corinth","","Public","Institution","","","","","","","Ti. Kl. Herodes Attikos Kl. Attikou","Athenian","Athens","Male","","Person","t","t","","","f","","Statue Base for Ti. Kl. Attikos Herodes Kl. Attikou Marathonios, 'Son of Hellas'","Base","Dedication","","115","10"
"1009","2228","438","Boule of Korinth","Greek","Corinth","","Public","Institution","","","","","","","Viboullia Alkia","Athenian","Athens","Female","","Person","t","t","","","f","","Statue Base for Ti. Kl. Attikos Herodes Kl. Attikou Marathonios, 'Son of Hellas'","Base","Dedication","","115","10"
"1000","2230","439","Areopagus","Athenian","Athens","","Public","Institution","","","","","","","Agrius Saturninus","Roman","Rome","Male","","Person","f","t","","","f","","Statue Base for Agrius Saturninus","Base","Dedication","Before the Telestrion","122","10"
"1002","2231","440","Demos","Athenian","Athens","","Public","Institution","","","","","","","Ael. Lysistrate","Athenian","Athens","Female","","Person","t","t","","","f","","Dedicatory Base in Honor of Ael. Lysistrate","Base","Dedication","","122","10"
"1001","2231","440","Boule","Athenian","Athens","","Public","Institution","","","","","","","Ael. Lysistrate","Athenian","Athens","Female","","Person","t","t","","","f","","Dedicatory Base in Honor of Ael. Lysistrate","Base","Dedication","","122","10"
"1000","2231","440","Areopagus","Athenian","Athens","","Public","Institution","","","","","","","Ael. Lysistrate","Athenian","Athens","Female","","Person","t","t","","","f","","Dedicatory Base in Honor of Ael. Lysistrate","Base","Dedication","","122","10"
"1001","2233","441","Boule","Athenian","Athens","","Public","Institution","","","","","","","Athenaios Epaphrodeitos Athenaiou","Athenian","Athens","Male","","Person","t","f","","","f","","Statue Base for Athenaios Athenaiou Phlyeus, Hearth-Initiate","Base","Dedication","","119.5","11"
"1000","2233","441","Areopagus","Athenian","Athens","","Public","Institution","","","","","","","Athenaios Epaphrodeitos Athenaiou","Athenian","Athens","Male","","Person","t","f","","","f","","Statue Base for Athenaios Athenaiou Phlyeus, Hearth-Initiate","Base","Dedication","","119.5","11"
"1002","2235","455","Demos","Athenian","Athens","","Public","Institution","","","","","","","Vipsania Lailiane","Athenian","Athens","Female","","Person","t","t","","","f","","Statue Base for L. Vipsanios Aiolion Phlyeus, Exegete of the Eumolpidai","Base","Dedication","","145","10"
"1001","2235","455","Boule","Athenian","Athens","","Public","Institution","","","","","","","Vipsania Lailiane","Athenian","Athens","Female","","Person","t","t","","","f","","Statue Base for L. Vipsanios Aiolion Phlyeus, Exegete of the Eumolpidai","Base","Dedication","","145","10"
"1000","2235","455","Areopagus","Athenian","Athens","","Public","Institution","","","","","","","Vipsania Lailiane","Athenian","Athens","Female","","Person","t","t","","","f","","Statue Base for L. Vipsanios Aiolion Phlyeus, Exegete of the Eumolpidai","Base","Dedication","","145","10"
"1002","2250","455","Demos","Athenian","Athens","","Public","Institution","","","","","","","L. Vipsanius Aiolion","Athenian","Athens","Male","","Person","t","t","","","f","","Statue Base for L. Vipsanios Aiolion Phlyeus, Exegete of the Eumolpidai","Base","Dedication","","145","10"
"1001","2250","455","Boule","Athenian","Athens","","Public","Institution","","","","","","","L. Vipsanius Aiolion","Athenian","Athens","Male","","Person","t","t","","","f","","Statue Base for L. Vipsanios Aiolion Phlyeus, Exegete of the Eumolpidai","Base","Dedication","","145","10"
"1000","2250","455","Areopagus","Athenian","Athens","","Public","Institution","","","","","","","L. Vipsanius Aiolion","Athenian","Athens","Male","","Person","t","t","","","f","","Statue Base for L. Vipsanios Aiolion Phlyeus, Exegete of the Eumolpidai","Base","Dedication","","145","10"
"1002","2251","455","Demos","Athenian","Athens","","Public","Institution","","","","","","","L. Vipsanius Lailianos","Athenian","Athens","Male","","Person","t","t","","","f","","Statue Base for L. Vipsanios Aiolion Phlyeus, Exegete of the Eumolpidai","Base","Dedication","","145","10"
"1001","2251","455","Boule","Athenian","Athens","","Public","Institution","","","","","","","L. Vipsanius Lailianos","Athenian","Athens","Male","","Person","t","t","","","f","","Statue Base for L. Vipsanios Aiolion Phlyeus, Exegete of the Eumolpidai","Base","Dedication","","145","10"
"1000","2251","455","Areopagus","Athenian","Athens","","Public","Institution","","","","","","","L. Vipsanius Lailianos","Athenian","Athens","Male","","Person","t","t","","","f","","Statue Base for L. Vipsanios Aiolion Phlyeus, Exegete of the Eumolpidai","Base","Dedication","","145","10"
"1002","2264","696","Demos","Athenian","Athens","","Public","Institution","","","","","","","Emperor Marcus Aurelius","Imperial Family Member","Rome","Male","","Person","f","t","","","f","","Statue Base for the Savior Gods/Godesses of the Brotherly Emperors, Dedicated By the Polis During the Epimelitea of Herodes","Base","Dedication","","171","10"
"1001","2264","696","Boule","Athenian","Athens","","Public","Institution","","","","","","","Emperor Marcus Aurelius","Imperial Family Member","Rome","Male","","Person","f","t","","","f","","Statue Base for the Savior Gods/Godesses of the Brotherly Emperors, Dedicated By the Polis During the Epimelitea of Herodes","Base","Dedication","","171","10"
"1000","2264","696","Areopagus","Athenian","Athens","","Public","Institution","","","","","","","Emperor Marcus Aurelius","Imperial Family Member","Rome","Male","","Person","f","t","","","f","","Statue Base for the Savior Gods/Godesses of the Brotherly Emperors, Dedicated By the Polis During the Epimelitea of Herodes","Base","Dedication","","171","10"
"1002","2264","695","Demos","Athenian","Athens","","Public","Institution","","","","","","","Emperor Marcus Aurelius","Imperial Family Member","Rome","Male","","Person","f","t","","","f","","Statue Base for the Savior Gods/Godesses of Brotherly Emperors, Dedicated by the Polis during the Epimelitea of Herodes","Base","Dedication","","171","10"
"1001","2264","695","Boule","Athenian","Athens","","Public","Institution","","","","","","","Emperor Marcus Aurelius","Imperial Family Member","Rome","Male","","Person","f","t","","","f","","Statue Base for the Savior Gods/Godesses of Brotherly Emperors, Dedicated by the Polis during the Epimelitea of Herodes","Base","Dedication","","171","10"
"1000","2264","695","Areopagus","Athenian","Athens","","Public","Institution","","","","","","","Emperor Marcus Aurelius","Imperial Family Member","Rome","Male","","Person","f","t","","","f","","Statue Base for the Savior Gods/Godesses of Brotherly Emperors, Dedicated by the Polis during the Epimelitea of Herodes","Base","Dedication","","171","10"
"1005","2280","470","Sophiai","Other","Other","","Private","Institution","","","","","","","Klementiane","Athenian","Athens","Female","","Person","t","t","","","f","","Statue Base for Klementiane, Daughter of Arrian","Base","Dedication","","175","50"
"1002","2286","691","Demos","Athenian","Athens","","Public","Institution","","","","","","","Sergius Salvidius Scipio Orfitus","Roman","Rome","Male","","Person","f","t","","","f","","Statue Base for Sergius Salvidius Orfitus, Dedicated by The Areopagus, Boule, and Demos","Base","Dedication","South Wall","155","10"
"1001","2286","691","Boule","Athenian","Athens","","Public","Institution","","","","","","","Sergius Salvidius Scipio Orfitus","Roman","Rome","Male","","Person","f","t","","","f","","Statue Base for Sergius Salvidius Orfitus, Dedicated by The Areopagus, Boule, and Demos","Base","Dedication","South Wall","155","10"
"1000","2286","691","Areopagus","Athenian","Athens","","Public","Institution","","","","","","","Sergius Salvidius Scipio Orfitus","Roman","Rome","Male","","Person","f","t","","","f","","Statue Base for Sergius Salvidius Orfitus, Dedicated by The Areopagus, Boule, and Demos","Base","Dedication","South Wall","155","10"
"1002","2287","692","Demos","Athenian","Athens","","Public","Institution","","","","","","","Calpurnia L. Lepida","Roman","Rome","Female","","Person","f","t","","","f","","Statue Base for Calpurnia Lepida, Daughter of L., Wife of Scipio Orfitus, Dedicated by the Areopagus, Boule, and Demos","Base","Dedication","South Wall","155","10"
"1001","2287","692","Boule","Athenian","Athens","","Public","Institution","","","","","","","Calpurnia L. Lepida","Roman","Rome","Female","","Person","f","t","","","f","","Statue Base for Calpurnia Lepida, Daughter of L., Wife of Scipio Orfitus, Dedicated by the Areopagus, Boule, and Demos","Base","Dedication","South Wall","155","10"
"1000","2287","692","Areopagus","Athenian","Athens","","Public","Institution","","","","","","","Calpurnia L. Lepida","Roman","Rome","Female","","Person","f","t","","","f","","Statue Base for Calpurnia Lepida, Daughter of L., Wife of Scipio Orfitus, Dedicated by the Areopagus, Boule, and Demos","Base","Dedication","South Wall","155","10"
"1002","2288","693","Demos","Athenian","Athens","","Public","Institution","","","","","","","Sergius Calpurnius Scipio Orfitus","Roman","Rome","Male","","Person","f","t","","","f","","Statue Base for Sergius Calpurius Scipio Orfitus, Son of Scipio Orfitus, Dedicated by the Areopagus, Boule, and Demos","Base","Dedication","South Wall","155","10"
"1001","2288","693","Boule","Athenian","Athens","","Public","Institution","","","","","","","Sergius Calpurnius Scipio Orfitus","Roman","Rome","Male","","Person","f","t","","","f","","Statue Base for Sergius Calpurius Scipio Orfitus, Son of Scipio Orfitus, Dedicated by the Areopagus, Boule, and Demos","Base","Dedication","South Wall","155","10"
"1000","2288","693","Areopagus","Athenian","Athens","","Public","Institution","","","","","","","Sergius Calpurnius Scipio Orfitus","Roman","Rome","Male","","Person","f","t","","","f","","Statue Base for Sergius Calpurius Scipio Orfitus, Son of Scipio Orfitus, Dedicated by the Areopagus, Boule, and Demos","Base","Dedication","South Wall","155","10"
"1002","2289","694","Demos","Athenian","Athens","","Public","Institution","","","","","","","L. Calpurnius Piso","Roman","Rome","Male","","Person","f","t","","","f","","Statue Base for L. Calpurnius Scipio, son of Orfitus, Dedicated by the Areopagus, Boule, and Demos","Base","Dedication","South Wall","155","10"
"1001","2289","694","Boule","Athenian","Athens","","Public","Institution","","","","","","","L. Calpurnius Piso","Roman","Rome","Male","","Person","f","t","","","f","","Statue Base for L. Calpurnius Scipio, son of Orfitus, Dedicated by the Areopagus, Boule, and Demos","Base","Dedication","South Wall","155","10"
"1000","2289","694","Areopagus","Athenian","Athens","","Public","Institution","","","","","","","L. Calpurnius Piso","Roman","Rome","Male","","Person","f","t","","","f","","Statue Base for L. Calpurnius Scipio, son of Orfitus, Dedicated by the Areopagus, Boule, and Demos","Base","Dedication","South Wall","155","10"
"1002","2300","695","Demos","Athenian","Athens","","Public","Institution","","","","","","","Emperor L. Verus","Imperial Family Member","Rome","Male","","Person","f","t","","","f","","Statue Base for the Savior Gods/Godesses of Brotherly Emperors, Dedicated by the Polis during the Epimelitea of Herodes","Base","Dedication","","171","10"
"1001","2300","695","Boule","Athenian","Athens","","Public","Institution","","","","","","","Emperor L. Verus","Imperial Family Member","Rome","Male","","Person","f","t","","","f","","Statue Base for the Savior Gods/Godesses of Brotherly Emperors, Dedicated by the Polis during the Epimelitea of Herodes","Base","Dedication","","171","10"
"1000","2300","695","Areopagus","Athenian","Athens","","Public","Institution","","","","","","","Emperor L. Verus","Imperial Family Member","Rome","Male","","Person","f","t","","","f","","Statue Base for the Savior Gods/Godesses of Brotherly Emperors, Dedicated by the Polis during the Epimelitea of Herodes","Base","Dedication","","171","10"
"1002","2302","483","Demos","Athenian","Athens","","Public","Institution","","","","","","","T. Kl. Hierophant Alkibiadou","Athenian","Athens","Male","","Person","t","t","","","f","","Statue Base T. Fl. Hierophantes Paianieus, Son of T. Fl. Alkibiades","Base","Dedication","Before the Telestrion","167","10"
"1001","2302","483","Boule","Athenian","Athens","","Public","Institution","","","","","","","T. Kl. Hierophant Alkibiadou","Athenian","Athens","Male","","Person","t","t","","","f","","Statue Base T. Fl. Hierophantes Paianieus, Son of T. Fl. Alkibiades","Base","Dedication","Before the Telestrion","167","10"
"1000","2302","483","Areopagus","Athenian","Athens","","Public","Institution","","","","","","","T. Kl. Hierophant Alkibiadou","Athenian","Athens","Male","","Person","t","t","","","f","","Statue Base T. Fl. Hierophantes Paianieus, Son of T. Fl. Alkibiades","Base","Dedication","Before the Telestrion","167","10"
"1000","2312","487","Areopagus","Athenian","Athens","","Public","Institution","","","","","","","T. Fl. Euthykomas","Athenian","Athens","Male","","Person","t","t","","","f","","Statue Base for T. Fl. Euthykomas Paianieus","Altar","Dedication","","166","10"
"1000","2318","488","Areopagus","Athenian","Athens","","Public","Institution","","","","","","","T. Fl. Menandros Paianieus","Athenian","Athens","Male","","Person","t","t","","","f","","Statue Base for T. Fl. Menandros Paianieus","Stele","Dedication","South Wall","166","10"
"1015","2321","490","Eumolpidai","Eleusinian","Eleusis","","Genos","Institution","","","","","","","M. Iul Apellas","Athenian","Athens","Male","","Person","t","t","","","f","","Statue Base for M. Iul. Apellas Marathonios, Archon of the Eumolpidai","Altar","Dedication","Before the Telestrion","170","10"
"1000","2321","490","Areopagus","Athenian","Athens","","Public","Institution","","","","","","","M. Iul Apellas","Athenian","Athens","Male","","Person","t","t","","","f","","Statue Base for M. Iul. Apellas Marathonios, Archon of the Eumolpidai","Altar","Dedication","Before the Telestrion","170","10"
"1012","2325","491","Panhellenes","Panhellenic","Other","","Public","Institution","","","","","","","Xenion","Athenian","Athens","Male","","Person","t","f","","","f","","Statue Base for Fl. Xenion of Marathon, Archon of the Panhellenes","Altar","Dedication","","170","10"
"1002","2326","492","Demos","Athenian","Athens","","Public","Institution","","","","","","","Iul. Apollodotos Meliteus","Athenian","Athens","Male","","Person","t","t","","","f","","Statue Base for Iul. Theodotos Meliteus, Son of Sophist Iul. Theodotos, Archon of the Kerykex","Altar","Dedication","Before the Telestrion","170","10"
"1001","2326","492","Boule","Athenian","Athens","","Public","Institution","","","","","","","Iul. Apollodotos Meliteus","Athenian","Athens","Male","","Person","t","t","","","f","","Statue Base for Iul. Theodotos Meliteus, Son of Sophist Iul. Theodotos, Archon of the Kerykex","Altar","Dedication","Before the Telestrion","170","10"
"1000","2326","492","Areopagus","Athenian","Athens","","Public","Institution","","","","","","","Iul. Apollodotos Meliteus","Athenian","Athens","Male","","Person","t","t","","","f","","Statue Base for Iul. Theodotos Meliteus, Son of Sophist Iul. Theodotos, Archon of the Kerykex","Altar","Dedication","Before the Telestrion","170","10"
"1000","2328","493","Areopagus","Athenian","Athens","","Public","Institution","","","","","","","Ail. Kephisodora","Athenian","Athens","Female","","Person","t","t","","","f","","Statue Base for Ael. Kephisodora, Daughter of Daduch Kl. Lysiades","Building or Monument","Dedication","","170","10"
"1002","2339","503","Demos","Athenian","Athens","","Public","Institution","","","","","","","L. Memmius Altar-Priest","Athenian","Athens","Male","","Person","t","t","","","f","","Statue Base for L. Memmios, Altar-Priest, of Thorikos","Other/Fragment","Dedication","Before the Telestrion","178.5","3"
"1001","2339","503","Boule","Athenian","Athens","","Public","Institution","","","","","","","L. Memmius Altar-Priest","Athenian","Athens","Male","","Person","t","t","","","f","","Statue Base for L. Memmios, Altar-Priest, of Thorikos","Other/Fragment","Dedication","Before the Telestrion","178.5","3"
"1000","2339","503","Areopagus","Athenian","Athens","","Public","Institution","","","","","","","L. Memmius Altar-Priest","Athenian","Athens","Male","","Person","t","t","","","f","","Statue Base for L. Memmios, Altar-Priest, of Thorikos","Other/Fragment","Dedication","Before the Telestrion","178.5","3"
"1002","2386","517","Demos","Athenian","Athens","","Public","Institution","","","","","","","Emperor Septimius Severus","Imperial Family Member","Rome","Male","","Person","f","t","","","f","","Statue Base(?) for an Unknown Individual","Base","Dedication","","202","18"
"1002","2391","522","Demos","Athenian","Athens","","Public","Institution","","","","","","","Nikostrate Meneou","Athenian","Athens","Female","","Person","t","f","","","f","","Statue Base for Nikostrate Menneou Berenikidou, Hearth-Initiate","Base","Dedication","","187.5","25"
"1000","2391","522","Areopagus","Athenian","Athens","","Public","Institution","","","","","","","Nikostrate Meneou","Athenian","Athens","Female","","Person","t","f","","","f","","Statue Base for Nikostrate Menneou Berenikidou, Hearth-Initiate","Base","Dedication","","187.5","25"
"1000","2417","528","Areopagus","Athenian","Athens","","Public","Institution","","","","","","","Iun. Agathopodos","Athenian","Athens","Female","","Person","t","t","","","f","","Herm Honoring Demetrios Apolloniou Marathonios","Base","Dedication","","150.5","99"
"1000","2418","529","Areopagus","Athenian","Athens","","Public","Institution","","","","","","","Demetrios Apolloniou","Athenian","Athens","Male","","Person","t","f","","","f","","Herm Honoring Demetrios Apolloniou Marathonios","Base","Dedication","","150.5","99"
"1016","2431","551","Kerykes","Eleusinian","Eleusis","","Genos","Institution","","","","","","","Poll[io]n[a?], Hearth-Initiate","Athenian","Athens","Female","","Person","t","t","","","f","","Large Monument in Honor of an Unknown Hearth-Initiate","Base","Dedication","","150.5","99"
"1002","2432","558","Demos","Athenian","Athens","","Public","Institution","","","","","","","Son or Daughter of a [N]um[ius]","Athenian","Athens","Uncertain","","Person","t","t","","","f","","Statue Base for an Unknown Son or Daughter of a Nummios","Building or Monument","Dedication","","150.5","99"
"1001","2432","558","Boule","Athenian","Athens","","Public","Institution","","","","","","","Son or Daughter of a [N]um[ius]","Athenian","Athens","Uncertain","","Person","t","t","","","f","","Statue Base for an Unknown Son or Daughter of a Nummios","Building or Monument","Dedication","","150.5","99"
"1000","2432","558","Areopagus","Athenian","Athens","","Public","Institution","","","","","","","Son or Daughter of a [N]um[ius]","Athenian","Athens","Uncertain","","Person","t","t","","","f","","Statue Base for an Unknown Son or Daughter of a Nummios","Building or Monument","Dedication","","150.5","99"
"1000","2434","587","Areopagus","Athenian","Athens","","Public","Institution","","","","","","","T. Fl. Ateimetos Peiraieus","Athenian","Athens","Male","","Person","t","t","","","f","","Statue Base for T. Fl. Ateiemtos Son of T. Fl. Agathon of Peiraieus, Hearth-Initiate","Column/Herm","Dedication","","250.5","99"
"1020","2439","588","Praxiergidai","Athenian","Athens","","Genos","Institution","","","","","","","Sabeiniane Hamillo","Athenian","Athens","Female","","Person","t","t","","","f","","Statue Base for Sabeiniane Hamillo, Priestess of Athena Polias, Probably Not from the Sanctuary","Other/Fragment","Dedication","","250.5","99"
"1002","2439","588","Demos","Athenian","Athens","","Public","Institution","","","","","","","Sabeiniane Hamillo","Athenian","Athens","Female","","Person","t","t","","","f","","Statue Base for Sabeiniane Hamillo, Priestess of Athena Polias, Probably Not from the Sanctuary","Other/Fragment","Dedication","","250.5","99"
"1001","2439","588","Boule","Athenian","Athens","","Public","Institution","","","","","","","Sabeiniane Hamillo","Athenian","Athens","Female","","Person","t","t","","","f","","Statue Base for Sabeiniane Hamillo, Priestess of Athena Polias, Probably Not from the Sanctuary","Other/Fragment","Dedication","","250.5","99"
"1000","2439","588","Areopagus","Athenian","Athens","","Public","Institution","","","","","","","Sabeiniane Hamillo","Athenian","Athens","Female","","Person","t","t","","","f","","Statue Base for Sabeiniane Hamillo, Priestess of Athena Polias, Probably Not from the Sanctuary","Other/Fragment","Dedication","","250.5","99"
"1000","2461","623","Areopagus","Athenian","Athens","","Public","Institution","","","","","","","Sekoundos the Eumolpid","Roman","Rome","Male","","Person","t","t","","","f","","Statue Base for a Sekoundos, Eumolpid","Base","Dedication","","200","10"
"1013","2463","624","Sacred Gerousia","Panhellenic","Other","","Public","Institution","","","","","","","M. Aur. Prosdektos Pistokrates","Athenian","Athens","Male","","Person","t","t","","","f","","Statue Base for a M. Aur. Prosdektos Pistokratous Kephalethen","Base","Dedication","Before the Telestrion","200","10"
"1002","2475","630","Demos","Athenian","Athens","","Public","Institution","","","","","","","Fl. Plautianos","Athenian","Athens","Male","","Person","t","t","","","f","","Statue Base for Ful. Plautianos","Base","Dedication","Before the Telestrion","204","2"
"1001","2475","630","Boule","Athenian","Athens","","Public","Institution","","","","","","","Fl. Plautianos","Athenian","Athens","Male","","Person","t","t","","","f","","Statue Base for Ful. Plautianos","Base","Dedication","Before the Telestrion","204","2"
"1000","2475","630","Areopagus","Athenian","Athens","","Public","Institution","","","","","","","Fl. Plautianos","Athenian","Athens","Male","","Person","t","t","","","f","","Statue Base for Ful. Plautianos","Base","Dedication","Before the Telestrion","204","2"
"1002","2477","632","Demos","Athenian","Athens","","Public","Institution","","","","","","","Kl. Menandra II","Athenian","Athens","Female","","Person","t","t","","","f","","Statue Base for Kl. Menandra, Daughter of the Daduch Kl. Philippos","Base","Dedication","Before the Telestrion","210","10"
"1001","2477","632","Boule","Athenian","Athens","","Public","Institution","","","","","","","Kl. Menandra II","Athenian","Athens","Female","","Person","t","t","","","f","","Statue Base for Kl. Menandra, Daughter of the Daduch Kl. Philippos","Base","Dedication","Before the Telestrion","210","10"
"1000","2477","632","Areopagus","Athenian","Athens","","Public","Institution","","","","","","","Kl. Menandra II","Athenian","Athens","Female","","Person","t","t","","","f","","Statue Base for Kl. Menandra, Daughter of the Daduch Kl. Philippos","Base","Dedication","Before the Telestrion","210","10"
"1000","2478","633","Areopagus","Athenian","Athens","","Public","Institution","","","","","","","Roupheina","Roman","Rome","Female","","Person","f","t","","","f","","Statue Base for Rouphenia, Mother of Iul. the Hierokeryx","Base","Dedication","","217.5","15"
"1000","2481","634","Areopagus","Athenian","Athens","","Public","Institution","","","","","","","Ptolemais Serenou Gaza","Athenian","Athens","Male","","Person","t","f","","","f","","Statue Base for Ptolemaios, Son of Serenos of Gaza","Base","Dedication","","206.5","11"
"1000","2482","635","Areopagus","Athenian","Athens","","Public","Institution","","","","","","","Aur. Magna","Athenian","Athens","Female","","Person","t","t","","","f","","Statue Base for Aur. Magna, Hearth-Initiate","Base","Dedication","","217","10"
"1001","2486","636","Boule","Athenian","Athens","","Public","Institution","","","","","","","Aur. Paramona Paramonou","Athenian","Athens","Female","","Person","t","t","","","f","","Statue Base for Aur. Paramona, Daughter of Aur. Paramonos of Lamptrai, Heath-Initiate","Base","Dedication","","217","10"
"1002","2503","645","Demos","Athenian","Athens","","Public","Institution","","","","","","","Casianus Hierokeryx","Athenian","Athens","Male","","Person","t","t","","","f","","Statue Base for Kassianos, Hierokeryx","Base","Dedication","Before the Telestrion","236","10"
"1001","2503","645","Boule","Athenian","Athens","","Public","Institution","","","","","","","Casianus Hierokeryx","Athenian","Athens","Male","","Person","t","t","","","f","","Statue Base for Kassianos, Hierokeryx","Base","Dedication","Before the Telestrion","236","10"
"1000","2503","645","Areopagus","Athenian","Athens","","Public","Institution","","","","","","","Casianus Hierokeryx","Athenian","Athens","Male","","Person","t","t","","","f","","Statue Base for Kassianos, Hierokeryx","Base","Dedication","Before the Telestrion","236","10"
"1002","2517","654","Demos","Athenian","Athens","","Public","Institution","","","","","","","Aerarius Sospatros, Daduch","Athenian","Athens","Male","","Person","t","t","","","f","","Statue Base for Aerarios Sosipatros, Daduch","Base","Dedication","","275","50"
"1001","2517","654","Boule","Athenian","Athens","","Public","Institution","","","","","","","Aerarius Sospatros, Daduch","Athenian","Athens","Male","","Person","t","t","","","f","","Statue Base for Aerarios Sosipatros, Daduch","Base","Dedication","","275","50"
"1000","2517","654","Areopagus","Athenian","Athens","","Public","Institution","","","","","","","Aerarius Sospatros, Daduch","Athenian","Athens","Male","","Person","t","t","","","f","","Statue Base for Aerarios Sosipatros, Daduch","Base","Dedication","","275","50"
"1002","2533","660","Demos","Athenian","Athens","","Public","Institution","","","","","","","Emperor Maximianus","Imperial Family Member","Rome","Male","","Person","f","t","","","f","","Statue Base for the Emperors Diocletian and Maximianus","Base","Dedication","","295.5","19"
"2005","2001","268","Eurydike","Athenian","Athens","Female","","Person","t","f","","","Halai Aixonides","f","Ameinokleia Philanthou","Athenian","Athens","Female","","Person","t","f","","","f","Phyle","Statue Base for Ameinokleia Philanthou Phylasiou","Base","Dedication","","-87.5","25"
"2004","2001","268","Diopeithes","Athenian","Athens","Male","","Person","t","f","","","Halai Aixonides","f","Ameinokleia Philanthou","Athenian","Athens","Female","","Person","t","f","","","f","Phyle","Statue Base for Ameinokleia Philanthou Phylasiou","Base","Dedication","","-87.5","25"
"2003","2001","268","Philanthes","Athenian","Athens","Male","","Person","t","f","","","Halai Aixonides","f","Ameinokleia Philanthou","Athenian","Athens","Female","","Person","t","f","","","f","Phyle","Statue Base for Ameinokleia Philanthou Phylasiou","Base","Dedication","","-87.5","25"
"2002","2001","268","Theophilos","Athenian","Athens","Male","","Person","t","f","","","Halai Aixonides","f","Ameinokleia Philanthou","Athenian","Athens","Female","","Person","t","f","","","f","Phyle","Statue Base for Ameinokleia Philanthou Phylasiou","Base","Dedication","","-87.5","25"
"2008","2006","269","[?] Mother","Athenian","Athens","Female","","Person","t","f","","","","t","[?] Heath-Initiate","Athenian","Athens","Uncertain","","Person","t","f","","","t","","Statue Base for an Unknown Hearth-Initiate","Base","Dedication","","-87.5","25"
"2007","2006","269","[?] Father","Athenian","Athens","Male","","Person","t","f","","","","t","[?] Heath-Initiate","Athenian","Athens","Uncertain","","Person","t","f","","","t","","Statue Base for an Unknown Hearth-Initiate","Base","Dedication","","-87.5","25"
"2010","2011","270","Epiphaneia Hermolykou","Athenian","Athens","Female","","Person","t","f","","","Marathon","f","Epiphaneia II Athenagorou","Athenian","Athens","Female","","Person","t","f","Athenagoridai","","f","Melite","Statue Base for Epiphaneia, Daughter of Athenagoras Meliteus","Base","Dedication","","-85","10"
"2009","2011","270","Dionysios Dionysiou","Athenian","Athens","Male","","Person","t","f","","","Sphettos","f","Epiphaneia II Athenagorou","Athenian","Athens","Female","","Person","t","f","Athenagoridai","","f","Melite","Statue Base for Epiphaneia, Daughter of Athenagoras Meliteus","Base","Dedication","","-85","10"
"2020","2021","273","Diphila Diokleous","Athenian","Athens","Female","","Person","t","f","Medeiotes","","Melite","f","Timothea Medeiou","Athenian","Athens","Female","","Person","t","f","Medeiotes","","f","Peiraieus","Statue Base for Timothea, Daughter of Medeios Medeiou Peiraieus","Stele","Dedication","","-70","10"
"2019","2021","273","Medeios Medeiou","Athenian","Athens","Male","","Person","t","f","Medeiotes","","Peiraieus","f","Timothea Medeiou","Athenian","Athens","Female","","Person","t","f","Medeiotes","","f","Peiraieus","Statue Base for Timothea, Daughter of Medeios Medeiou Peiraieus","Stele","Dedication","","-70","10"
"2024","2025","277","Ktesikleia Apollonioiu","Athenian","Athens","Female","","Person","t","f","","","","f","Sophokles Xenokleous","Athenian","Athens","Male","","Person","t","f","","","f","Akharnai","Statue Base for Sophokles Xenokleous Acharneus, Daduch","Base","Dedication","","-50","20"
"2042","2043","675","Khrysothemis Phaidrou","Athenian","Athens","Female","","Person","t","f","Lysiadidai","","Berenikidai","f","Phaidros Lysiadou","Athenian","Athens","Male","","Person","t","f","","","f","Berenikidai","Statue Base of Phaidros Lysiadrou Berenikides, Dedicated by his Daughter Khrysothemis Phaidrou Berenikides","Base","Dedication","","-40","10"
"2042","2044","676","Khrysothemis Phaidrou","Athenian","Athens","Female","","Person","t","f","Lysiadidai","","Berenikidai","f","Pomponianus Atticus","Roman","Rome","Male","","Person","f","t","","","f","","Statue Base of Q. Caecilius Pomponianus Atticus, Dedicated by Khrysothemis Phaidrou Berenikides","Base","Dedication","","-40","10"
"2050","2052","297","Kallikratides Syndromou","Athenian","Athens","Male","","Person","t","f","","","","f","Augustus","Imperial Family Member","Rome","Male","","Person","f","t","","","f","","Statue Base for Augustus Caesar as Zeus Boulaios","Base","Dedication","","-22","10"
"2057","2055","299","Ladameia Lysandrou","Athenian","Athens","Female","","Person","t","f","","","Peiraieus","f","Lamidion Apolexidos","Athenian","Athens","Male","","Person","t","f","","","f","Oion","Statue Base for Lamidion. Daughter of Apolexis Ex Oiou, Hearth-Initiate","Base","Dedication","","-25","10"
"2056","2055","299","Apolexis I","Athenian","Athens","Male","","Person","t","f","","","Oion","f","Lamidion Apolexidos","Athenian","Athens","Male","","Person","t","f","","","f","Oion","Statue Base for Lamidion. Daughter of Apolexis Ex Oiou, Hearth-Initiate","Base","Dedication","","-25","10"
"2109","2110","307","Phainarete Att[.]","Athenian","Athens","Female","","Person","t","f","","","","t","Diotima","Athenian","Athens","Female","","Person","t","f","","","f","","Statue Base for Diotima, Hearth-Initiate","Base","Dedication","","-50.5","99"
"2108","2110","307","[.]kleides","Athenian","Athens","Male","","Person","t","f","","","","t","Diotima","Athenian","Athens","Female","","Person","t","f","","","f","","Statue Base for Diotima, Hearth-Initiate","Base","Dedication","","-50.5","99"
"2130","2129","331","Theophilos Eudoxou","Athenian","Athens","Male","","Person","t","f","","","","f","Emperor Tiberius","Imperial Family Member","Rome","Male","","Person","f","t","","","f","","Statue Base for Emperor Tiberius","Base","Dedication","","25.5","23"
"2139","2138","344","Eimertos Polykharmos","Athenian","Athens","Male","","Person","t","f","","","","f","Polykharmos Eukleous","Athenian","Athens","Male","","Person","t","f","","","f","","Statue Base for Polycharmos Eukleous Marathonios, High Priest of Tiberius","Base","Dedication","Before the Telestrion","33.5","7"
"2151","2152","354","Ti. Kl. Eukles Sostratou","Athenian","Athens","Male","","Person","t","t","","","","f","Iulia Agrippina","Roman","Rome","Female","","Person","f","t","","","f","","Architrave with Dedication by Tiberius Klaudios Eukles Sostratou, Priest of Iulia Agrippina Sebaste","Building or Monument","Dedication","","54.5","9"
"2155","2156","357","G. Iul. Polkhos Sounieus","Athenian","Athens","Male","","Person","t","t","","","","f","Ti. Kl. Demostratos","Athenian","Athens","Male","","Person","t","t","","","f","","Statue Base for Tiberius Klaudios Demostratos Ti. Klaudii Neikotelous Sounieus, Hearth Initiate","Base","Dedication","","55","10"
"2160","2159","358","Kl. [?] Asklepiodorou","Athenian","Athens","Male","","Person","t","t","","","","t","Kl. Asklepiodoros","Athenian","Athens","Male","","Person","t","t","","","f","","Statue Base for Klaudios Asklepiodoros Gargettios","Base","Dedication","","55","10"
"2164","2163","363","[?] Imperial Priest","Athenian","Athens","Male","","Person","t","f","","","","t","[?] Emperor","Imperial Family Member","Rome","Male","","Person","f","t","","","t","","Entablature","Base","Dedication","Before the Telestrion","99","78"
"2165","2166","364","Ti. Kl. Hipparkhos Herodou","Athenian","Athens","Male","","Person","t","t","","","","f","Kl. Alkia","Athenian","Athens","Female","","Person","t","t","","","f","","Monument for Klaudia Alkia","Base","Dedication","","65","10"
"2168","2167","365","Fl. Sophia","Athenian","Athens","Female","","Person","t","t","","","","f","T. Fl. Sophokles T. Fl. Kononos","Athenian","Athens","Male","","Person","t","t","","","f","","Statue Base for Titus Flavius Sophokles T. Flavii Kononos Sounieus","Base","Dedication","","75","10"
"2168","2167","367","Fl. Sophia","Athenian","Athens","Female","","Person","t","t","","","","f","T. Fl. Sophokles T. Fl. Kononos","Athenian","Athens","Male","","Person","t","t","","","f","","Statue Base for Titus Flavius Sophokles Kononos Sounieus","Base","Dedication","","77.5","5"
"2168","2169","366","Fl. Sophia","Athenian","Athens","Female","","Person","t","t","","","","f","T. Fl. Konon Kononos","Athenian","Athens","Male","","Person","t","t","","","f","","Statue Base for Titus Flavius Konon Kononos Sounieus","Base","Dedication","","77.5","5"
"2172","2171","370","P. Fulvius Metrodoros","Athenian","Athens","Male","","Person","t","t","","","","f","P. Fulvius Maximos Sounieus","Athenian","Athens","Male","","Person","t","t","","","f","","Statue Base for Publius Fulvius Metrodoros, Hearth-Initiate","Base","Dedication","","85","10"
"2174","2173","371","T. Kl. Lysiades Patronos","Athenian","Athens","Male","","Person","t","t","","","","f","Kl. Philoxena Patronos","Athenian","Athens","Female","","Person","t","t","","","f","","Statue Base for Klaudia Philoxena, Hierophantis","Base","Dedication","","97.5","15"
"2178","2176","373","Kl. [?] Mother of Seilianos","Athenian","Athens","Male","","Person","t","t","","","","t","G. Kl. Seilianos Polykritos","Athenian","Athens","Male","","Person","t","t","","","f","","G. Kl. Seilianos Polykritos, Hearth-Initiate","Building or Monument","Dedication","","97.5","15"
"2177","2176","373","Kl. [?] Father of Seilianos","Athenian","Athens","Male","","Person","t","t","","","","t","G. Kl. Seilianos Polykritos","Athenian","Athens","Male","","Person","t","t","","","f","","G. Kl. Seilianos Polykritos, Hearth-Initiate","Building or Monument","Dedication","","97.5","15"
"2182","2181","377","Thrasyllos Ammoniou","Athenian","Athens","Male","","Person","t","f","","","","f","[?] Wife of Ammonios Kholleides","Athenian","Athens","Female","","Person","t","f","","","t","","Statue Base for the Unknown Wife of Ammonios of Kholleidai","Base","Dedication","","87.5","25"
"2207","2206","399","Kallikleia","Athenian","Athens","Female","","Person","t","f","","","","f","Kallisto Kallimakhou","Athenian","Athens","Female","","Person","t","f","","","f","","Statue Base for Kallisto, Daughter of Kallimakhos","Base","Dedication","Before the Telestrion","100.5","199"
"2219","2220","432","[?] Woman","Athenian","Athens","Female","","Person","f","f","","","","t","[?] Husband of Woman","Athenian","Athens","Male","","Person","t","f","","","t","","Dedication by a Woman for her Family","Base","Dedication","","150.5","299"
"2222","2221","688","Pose Poseous","Athenian","Athens","Female","","Person","t","f","","","","f","Hierophantis Perikleous","Athenian","Athens","Female","","Person","t","f","","","f","","Statue Base for an Unknown Hierophantis, Daughter of Perikles of Oion","Base","Dedication","","112.5","25"
"2229","2226","438","Cocceius Censorinus","Roman","Rome","Male","","Person","f","t","","","","f","Ti. Kl. Herodes Attikos Kl. Attikou","Athenian","Athens","Male","","Person","t","t","","","f","","Statue Base for Ti. Kl. Attikos Herodes Kl. Attikou Marathonios, 'Son of Hellas'","Base","Dedication","","115","10"
"2229","2228","438","Cocceius Censorinus","Roman","Rome","Male","","Person","f","t","","","","f","Viboullia Alkia","Athenian","Athens","Female","","Person","t","t","","","f","","Statue Base for Ti. Kl. Attikos Herodes Kl. Attikou Marathonios, 'Son of Hellas'","Base","Dedication","","115","10"
"2235","2236","442","Vipsania Lailiane","Athenian","Athens","Female","","Person","t","t","","","","f","T. Vipsanius [.] Flavianos","Athenian","Athens","Male","","Person","t","t","","","f","","Statue Base for T. Vipsanius [-] Flavianos Kephisieus, Hearth-Initiate","Base","Dedication","","132.5","15"
"2238","2237","443","Polemon Heroxenou","Athenian","Athens","Male","","Person","t","f","","","","f","[?] Son of Heroxenos Marathonios","Athenian","Athens","Male","","Person","t","f","","","t","","Statue Base for a Son of Heroxenos of Marathon","Base","Dedication","","137.5","25"
"2223","2240","445","Fl. Laodameia Kleitou","Athenian","Athens","Female","","Person","t","t","","","","f","Thrasyllos Kholleides","Athenian","Athens","Male","","Person","t","f","","","f","","Statue Base for Thrasyllos of Kholleidai","Base","Dedication","","135","10"
"2256","2253","458","Annius Thrasyllos","Athenian","Athens","Male","","Person","t","t","","","","f","Iunia [?] Iun. Patronos","Athenian","Athens","Female","","Person","t","t","","","t","","Statue Base for Iun. [-] Meletine, Daughter of Iun. Patron of Berenikidai, Hearth-Initiate","Base","Dedication","","145","10"
"2254","2253","458","Iun. Patron","Athenian","Athens","Male","","Person","t","t","","","","f","Iunia [?] Iun. Patronos","Athenian","Athens","Female","","Person","t","t","","","t","","Statue Base for Iun. [-] Meletine, Daughter of Iun. Patron of Berenikidai, Hearth-Initiate","Base","Dedication","","145","10"
"2258","2260","459","Nummia Bassa","Athenian","Athens","Female","","Person","t","t","","","","f","Nummia Kleo","Athenian","Athens","Female","","Person","t","t","","","f","","Statue Base for Nummia Kleo, Hearth-Initiate","Base","Dedication","","145","10"
"2257","2260","459","L. Nummius Andreas Menidos","Athenian","Athens","Male","","Person","t","t","","","","f","Nummia Kleo","Athenian","Athens","Female","","Person","t","t","","","f","","Statue Base for Nummia Kleo, Hearth-Initiate","Base","Dedication","","145","10"
"2332","2264","495","M. Iul. Praxis","Athenian","Athens","Male","","Person","t","t","","","","f","Emperor Marcus Aurelius","Imperial Family Member","Rome","Male","","Person","f","t","","","f","","Statue Base for M. Aurelius","Base","Dedication","Before the Telestrion","173.5","3"
"2301","2264","482","Ail. Kh[?]","Athenian","Athens","Uncertain","","Person","t","t","","","","f","Emperor Marcus Aurelius","Imperial Family Member","Rome","Male","","Person","f","t","","","f","","Altar(?) for the Health of M. Aurelius and L. Verus","Base","Dedication","","165","8"
"2255","2271","464","Annia Aristokleia","Athenian","Athens","Female","","Person","t","t","","","","f","D. Iun. Menneas","Athenian","Athens","Male","","Person","t","t","","","f","","Statue Base D. Iun. Menneas D. Iun. Patronos Berenikides","Base","Dedication","","150","50"
"2254","2271","464","Iun. Patron","Athenian","Athens","Male","","Person","t","t","","","","f","D. Iun. Menneas","Athenian","Athens","Male","","Person","t","t","","","f","","Statue Base D. Iun. Menneas D. Iun. Patronos Berenikides","Base","Dedication","","150","50"
"2275","2274","466","Cornelia [?]","Athenian","Athens","Female","","Person","f","t","","","","t","D. Iun. Peiraieus","Athenian","Athens","Male","","Person","t","t","","","f","","Statue Base for D. Iun. Peiraieus, Hierophant","Column/Herm","Dedication","","150","50"
"2283","2282","471","Ana[.]n Krateros","Athenian","Athens","Male","","Person","t","t","","","","f","[?] Emperor","Imperial Family Member","Rome","Male","","Person","f","t","","","f","","Statue Base for an Unknown Emperor","Base","Dedication","","175","50"
"2291","2290","474","Ail. Zenonos","Athenian","Athens","Male","","Person","t","t","","","","f","P. Ail. Timosthenes","Athenian","Athens","Male","","Person","t","t","","","f","","Statue Base for P. Ael. Teimosthenes Berenikides, Son of Ael. Zenon, Hearth-Initiate","Base","Dedication","South Wall","155","10"
"2226","2293","476","Ti. Kl. Herodes Attikos Kl. Attikou","Athenian","Athens","Male","","Person","t","t","","","","f","Regilla","Roman","Rome","Female","","Person","t","t","","","f","","Statue Base for Regilla, Wife of Herodes Attikos","Base","Dedication","Before the Telestrion","160","10"
"2298","2299","481","Fl. Xenion","Athenian","Athens","Male","","Person","t","t","","","","f","Fl. Zenophilos","Athenian","Athens","Male","","Person","t","t","","","f","","Statue Base for Fl. Xenion Marathonsios, Hearth-Initiate, and Others","Base","Dedication","","165","10"
"2301","2300","482","Ail. Kh[?]","Athenian","Athens","Uncertain","","Person","t","t","","","","f","Emperor L. Verus","Imperial Family Member","Rome","Male","","Person","f","t","","","f","","Altar(?) for the Health of M. Aurelius and L. Verus","Base","Dedication","","165","8"
"2311","2310","485","Agothokles Marathonios","Athenian","Athens","Male","","Person","t","f","","","","f","M. Aur. Miltiades","Athenian","Athens","Male","","Person","t","t","","","f","","Statue Base for M. Aur. Miltiades, Son of Agathokles of Marathon, Hearth-Initiate","Base","Dedication","","165","10"
"2316","2318","488","Pompeia Polla","Athenian","Athens","Female","","Person","t","t","","","","f","T. Fl. Menandros Paianieus","Athenian","Athens","Male","","Person","t","t","","","f","","Statue Base for T. Fl. Menandros Paianieus","Stele","Dedication","South Wall","166","10"
"2331","2328","493","Iul. Kephisodora","Athenian","Athens","Female","","Person","t","t","","","","f","Ail. Kephisodora","Athenian","Athens","Female","","Person","t","t","","","f","","Statue Base for Ael. Kephisodora, Daughter of Daduch Kl. Lysiades","Building or Monument","Dedication","","170","10"
"2327","2328","493","Iul. Theodotos","Athenian","Athens","Male","","Person","t","t","","","","f","Ail. Kephisodora","Athenian","Athens","Female","","Person","t","t","","","f","","Statue Base for Ael. Kephisodora, Daughter of Daduch Kl. Lysiades","Building or Monument","Dedication","","170","10"
"2402","2393","523","P. Pom. Hegios II","Athenian","Athens","Male","","Person","t","t","","","","f","Ail. Epilampsis Gelotos","Athenian","Athens","Female","","Person","t","t","","","f","","Statue Base for Ael. Epilampsis, Daughter of Ael. Gelos of Phaleron, Priestess of Demeter and Kore","Other/Fragment","Dedication","Before the Telestrion","187.5","25"
"2404","2405","524","T. Fl. Leosthenes II","Athenian","Athens","Male","","Person","t","t","","","","f","Daughter of T. Fl. Leosthenes II","Athenian","Athens","Female","","Person","t","t","","","f","","Statue Base for an Unknown Daughter of T. Fl. Leosthenes of Paiania","Base","Dedication","","187.5","25"
"2436","2434","587","Onesime Papiou","Athenian","Athens","Female","","Person","t","f","","","","f","T. Fl. Ateimetos Peiraieus","Athenian","Athens","Male","","Person","t","t","","","f","","Statue Base for T. Fl. Ateiemtos Son of T. Fl. Agathon of Peiraieus, Hearth-Initiate","Column/Herm","Dedication","","250.5","99"
"2454","2452","621","P. Ail. Herennia","Athenian","Athens","Female","","Person","t","t","","","","f","P. Ail. Herennia P. Ail. Apolloniou","Athenian","Athens","Female","","Person","t","t","","","f","","P. Ael. Herennia, Daughter of P. Ael. Apollonios, Hearth Initiate","Base","Dedication","","200","50"
"2453","2452","621","P. Ail Apollonios","Athenian","Athens","Male","","Person","t","t","","","","f","P. Ail. Herennia P. Ail. Apolloniou","Athenian","Athens","Female","","Person","t","t","","","f","","P. Ael. Herennia, Daughter of P. Ael. Apollonios, Hearth Initiate","Base","Dedication","","200","50"
"2470","2468","628","Praxagora [?]","Athenian","Athens","Female","","Person","t","f","","","","f","Xenagoras II  Xenagorou","Athenian","Athens","Male","","Person","t","f","","","f","","Statue Base for Xenagoras, Son of Xenagoras and Praxagora","Base","Verse","","313","24"
"2469","2468","628","Xenagoras I","Athenian","Athens","Male","","Person","t","f","","","","f","Xenagoras II  Xenagorou","Athenian","Athens","Male","","Person","t","f","","","f","","Statue Base for Xenagoras, Son of Xenagoras and Praxagora","Base","Verse","","313","24"
"2471","2472","629","Licinius Kallistomakhos","Athenian","Athens","Male","","Person","t","t","","","","f","Kl. Kallistomakhos","Athenian","Athens","Male","","Person","t","t","","","f","","Statue Base for an Unknown Sister of Likinios Kallistomakhos","Base","Dedication","Before the Telestrion","205","10"
"2485","2482","635","Aur. Magna II Magnou","Athenian","Athens","Female","","Person","t","t","","","","f","Aur. Magna","Athenian","Athens","Female","","Person","t","t","","","f","","Statue Base for Aur. Magna, Hearth-Initiate","Base","Dedication","","217","10"
"2484","2482","635","Aur. Epaphrodeitos Asklepiadou","Athenian","Athens","Male","","Person","t","t","","","","f","Aur. Magna","Athenian","Athens","Female","","Person","t","t","","","f","","Statue Base for Aur. Magna, Hearth-Initiate","Base","Dedication","","217","10"
